"session_id","total_utterances","fuzzy_2_1","fuzzy_3_1","fuzzy_4_1","fuzzy_5_1","fuzzy_6_1","fuzzy_7_1","fuzzy_8_1","fuzzy_9_1","fuzzy_10_1"
"2","1064","178","312","401","496","576","641","699","753","796"
"3","2059","732","1102","1348","1476","1587","1657","1721","1762","1805"
"4","1198","425","644","793","863","908","939","966","986","1005"
"5","865","170","275","390","453","514","568","597","626","657"
"279","1562","343","607","772","926","1035","1119","1183","1235","1277"
"379","1783","435","723","916","1070","1194","1289","1362","1411","1443"
"380","615","125","222","301","345","392","423","449","471","489"
"381","1591","387","633","815","946","1047","1128","1193","1241","1271"
"382","2022","394","709","928","1086","1221","1337","1446","1512","1576"
"383","1461","348","587","761","892","981","1031","1076","1124","1172"
"384","584","122","218","274","335","380","406","437","458","471"
"385","1603","300","500","697","840","945","1041","1114","1175","1225"
"386","1199","284","467","595","687","759","814","871","910","934"
"387","1331","339","528","678","792","885","956","1008","1044","1080"
"388","3249","627","1123","1480","1774","1979","2154","2305","2421","2537"
"389","929","235","380","501","569","634","678","711","743","762"
"390","3384","712","1199","1599","1886","2102","2305","2467","2600","2682"
"391","1510","265","479","662","787","884","969","1032","1079","1134"
"392","1646","318","539","732","867","975","1056","1138","1201","1255"
"393","750","151","259","345","405","457","499","535","566","587"
"394","1631","302","558","725","866","988","1091","1161","1215","1258"
"395","1830","420","710","950","1123","1222","1318","1385","1450","1503"
"396","2202","453","779","1016","1207","1372","1479","1569","1653","1731"
"397","1136","222","401","509","606","697","761","810","857","889"
"398","1946","318","584","794","985","1110","1218","1298","1374","1435"
"400","2192","433","745","978","1188","1339","1455","1544","1636","1693"
"401","2712","544","970","1278","1541","1710","1851","1981","2073","2156"
"402","1734","319","572","752","912","1039","1149","1242","1306","1359"
"404","3754","772","1380","1786","2101","2365","2601","2758","2899","3008"
"405","1469","298","536","693","808","906","974","1037","1084","1121"
"406","1335","305","546","713","841","929","989","1049","1098","1131"
"407","594","128","226","301","343","384","416","438","457","472"
"408","2261","457","767","1022","1206","1381","1499","1600","1673","1752"
"409","1041","212","384","497","590","671","717","762","799","831"
"410","1945","417","705","933","1085","1209","1307","1372","1441","1501"
"411","772","119","240","316","399","453","488","522","544","569"
"412","1537","368","596","791","951","1047","1132","1191","1245","1277"
"413","972","155","306","403","469","541","591","634","679","703"
"414","1183","281","474","591","688","764","826","875","923","958"
"415","2056","407","732","985","1168","1329","1433","1523","1586","1641"
"417","2096","383","701","940","1117","1231","1355","1452","1528","1610"
"418","2677","677","1179","1509","1720","1882","1981","2057","2117","2182"
"419","1634","346","568","758","905","1017","1105","1176","1233","1289"
"420","165","66","112","133","146","147","152","151","152","151"
"421","942","271","420","525","592","631","669","705","726","740"
"422","889","334","507","605","651","690","724","742","758","773"
"423","2257","506","844","1080","1270","1404","1516","1603","1679","1733"
"424","1150","206","373","508","593","669","736","784","823","877"
"425","700","149","252","332","398","439","478","515","548","566"
"426","644","123","210","289","338","383","426","459","490","503"
"427","553","122","214","269","312","347","375","400","421","440"
"428","264","73","116","144","168","180","188","201","212","217"
"429","471","99","171","233","281","319","343","359","380","396"
"430","1510","295","532","687","825","931","1009","1081","1133","1184"
"431","433","110","180","240","280","309","322","343","358","368"
"432","541","159","253","315","366","395","420","446","468","480"
"434","809","193","355","471","531","588","627","660","691","703"
"435","1671","321","550","740","881","1010","1107","1189","1241","1294"
"438","672","156","265","342","400","462","495","509","534","558"
"439","1240","271","497","655","757","840","909","965","1001","1034"
"440","679","123","213","298","358","410","440","475","500","524"
"441","589","146","240","289","344","394","431","453","474","497"
"442","658","137","237","317","385","424","470","498","524","537"
"445","806","161","273","349","422","482","539","576","609","628"
"446","775","169","279","365","444","498","533","566","593","608"
"447","1217","272","460","602","708","794","855","901","939","962"
"448","671","153","275","368","431","468","506","539","558","574"
"450","769","147","252","328","384","445","497","522","545","575"
"451","669","173","286","375","431","475","514","533","554","564"
"452","489","214","315","376","402","427","440","450","455","459"
"454","934","194","339","436","518","564","619","675","707","738"
"457","392","67","123","164","197","225","258","289","305","320"
"458","479","100","185","239","282","316","342","368","381","396"
"459","478","86","159","212","257","288","319","343","359","373"
"460","1032","214","373","492","576","652","706","751","789","813"
"463","1027","252","415","543","633","699","756","799","838","857"
"464","604","230","361","414","456","481","500","507","518","525"
"465","1400","624","882","1004","1091","1141","1174","1193","1212","1233"
"466","1164","471","730","879","975","1028","1060","1081","1100","1112"
"467","1582","303","535","717","835","944","1036","1111","1169","1210"
"468","947","223","375","508","604","675","719","764","789","817"
"469","1180","347","548","695","793","856","896","938","968","986"
"470","1576","323","566","735","874","984","1065","1139","1185","1242"
"471","868","178","323","421","496","551","598","633","658","678"
"472","750","141","277","352","424","473","515","550","573","599"
"473","2122","925","1344","1563","1696","1777","1841","1882","1907","1937"
"474","1004","245","412","528","619","688","750","789","829","854"
"475","2802","544","969","1278","1566","1781","1929","2071","2188","2298"
"476","1492","626","858","1017","1102","1157","1208","1252","1284","1307"
"477","2065","381","692","936","1130","1288","1416","1502","1582","1645"
"6","757","131","237","314","360","421","467","512","540","568"
"7","758","154","286","354","426","462","501","532","562","577"
"8","1368","298","504","649","772","874","946","1002","1051","1091"
"9","245","140","189","208","217","218","221","223","226","225"
"10","748","110","198","289","366","420","460","498","532","557"
"11","732","131","237","322","384","436","487","511","547","571"
"12","919","226","388","495","568","618","656","688","711","738"
"13","768","166","271","362","425","477","514","552","573","604"
"14","391","94","173","222","262","281","298","314","325","340"
"15","195","97","146","152","164","171","175","176","176","176"
"16","237","109","162","189","195","199","209","211","210","212"
"17","530","90","168","230","276","312","341","366","392","413"
"18","969","205","352","460","547","602","662","705","735","768"
"19","800","150","272","354","410","469","519","551","583","608"
"20","900","165","292","388","473","530","580","611","642","678"
"21","218","52","77","99","124","138","149","154","160","161"
"22","712","123","231","309","386","427","469","507","552","581"
"23","253","79","107","131","156","172","184","194","203","208"
"24","209","31","66","86","99","117","131","144","153","156"
"25","1134","229","398","505","591","681","736","783","828","867"
"26","421","117","190","239","274","294","306","319","324","337"
"27","989","502","659","750","789","810","825","844","852","866"
"28","1058","192","348","467","551","629","694","740","780","809"
"29","1195","223","400","529","630","704","776","829","868","905"
"30","667","126","218","284","326","373","405","435","455","473"
"31","369","78","143","194","221","245","264","280","290","296"
"32","787","203","341","417","478","524","555","577","598","623"
"33","476","83","137","191","246","282","314","335","357","370"
"34","1419","635","878","1008","1071","1125","1161","1186","1215","1237"
"35","597","138","248","308","360","405","442","466","478","497"
"36","179","55","86","109","123","129","140","147","152","157"
"37","1103","218","380","504","594","666","722","763","801","814"
"38","845","162","269","353","413","468","517","559","596","630"
"39","1143","347","544","687","779","844","890","925","951","977"
"40","962","157","324","417","502","574","620","670","706","738"
"42","754","150","273","356","431","472","516","557","586","605"
"43","870","213","319","398","460","514","567","603","636","676"
"44","1108","255","438","553","641","728","790","836","867","900"
"45","895","191","321","423","495","551","611","653","683","700"
"181","3082","676","1170","1500","1766","1963","2140","2288","2407","2497"
"182","1510","277","480","653","776","884","975","1042","1100","1149"
"183","1974","361","641","880","1068","1189","1292","1379","1445","1510"
"184","1456","242","428","562","682","784","893","964","1027","1079"
"185","438","108","190","251","285","317","346","358","363","377"
"186","765","147","272","353","418","470","520","544","575","590"
"187","1939","429","745","957","1142","1284","1387","1460","1527","1584"
"188","182","37","79","97","111","125","141","145","151","154"
"189","541","139","233","294","343","380","404","425","441","458"
"190","804","152","265","368","437","500","541","570","610","631"
"191","389","68","121","180","212","237","265","275","288","308"
"192","1421","277","495","659","781","889","982","1044","1095","1138"
"193","817","131","259","359","431","477","529","571","605","626"
"194","1101","205","365","483","568","649","717","765","817","846"
"195","743","141","244","347","406","462","495","523","544","578"
"196","967","194","324","424","510","578","637","684","724","749"
"197","1326","299","497","679","791","890","950","1007","1066","1097"
"198","977","241","421","516","598","649","683","717","744","765"
"199","1609","317","544","709","848","961","1044","1114","1176","1236"
"200","2179","504","836","1104","1287","1425","1525","1621","1687","1739"
"201","151","27","51","68","79","89","96","107","108","111"
"202","435","70","131","181","217","242","258","277","292","309"
"203","1391","224","383","531","670","761","857","932","984","1044"
"204","1636","287","510","716","850","942","1048","1136","1195","1249"
"205","762","157","269","360","434","485","528","564","595","616"
"206","915","157","285","375","467","533","580","621","659","688"
"207","1606","344","586","772","900","1016","1089","1165","1218","1259"
"208","1107","191","353","465","552","646","717","768","803","845"
"209","481","122","203","251","288","317","345","368","382","395"
"210","1947","403","704","911","1100","1238","1343","1425","1506","1570"
"211","1668","304","544","745","892","995","1077","1153","1213","1268"
"213","1103","188","326","418","510","585","654","706","757","798"
"214","406","82","133","180","216","253","279","291","303","316"
"215","1640","267","492","669","823","946","1024","1096","1153","1205"
"216","1157","195","381","500","570","613","682","742","795","833"
"217","1696","303","559","751","896","1006","1096","1179","1248","1305"
"218","1287","249","437","580","695","781","848","915","959","1014"
"219","1063","171","332","460","548","630","686","733","780","822"
"220","2480","430","744","1028","1243","1409","1559","1686","1782","1851"
"221","4205","836","1456","1964","2346","2644","2881","3069","3223","3347"
"222","2805","547","953","1280","1540","1722","1863","1998","2104","2192"
"223","782","175","318","412","468","527","575","604","633","645"
"224","1952","363","675","885","1074","1221","1327","1409","1475","1552"
"225","1050","200","382","508","608","677","729","780","826","853"
"226","3173","576","1041","1404","1677","1908","2091","2235","2364","2466"
"227","1021","206","371","478","572","646","703","740","784","813"
"228","664","141","246","329","394","436","481","519","535","561"
"229","2760","576","1000","1328","1580","1792","1950","2049","2145","2234"
"231","904","205","356","444","548","611","657","700","739","775"
"232","249","51","88","118","141","169","179","188","194","202"
"233","746","138","245","323","393","452","497","535","568","589"
"234","983","192","347","435","529","596","645","693","723","751"
"235","681","208","322","397","455","499","533","560","576","590"
"236","1603","354","582","773","895","1000","1080","1146","1197","1247"
"237","497","103","194","250","299","343","363","384","390","407"
"238","2101","364","633","848","1060","1220","1349","1437","1525","1591"
"239","1010","205","378","491","586","663","712","756","805","830"
"240","1405","317","567","720","851","959","1034","1091","1141","1181"
"241","1108","393","605","735","851","897","936","957","984","997"
"242","1119","265","439","578","665","732","783","825","856","885"
"243","1089","208","357","488","586","663","732","775","822","857"
"244","800","184","289","382","459","516","561","604","631","655"
"245","613","121","199","275","338","384","418","435","458","479"
"246","577","109","185","257","314","341","376","411","429","442"
"248","1121","219","389","531","640","723","790","843","884","916"
"250","1332","257","423","574","694","786","867","927","976","1014"
"251","1093","221","370","511","602","683","739","800","834","869"
"253","602","127","231","306","363","411","448","462","480","508"
"254","828","267","431","520","579","619","655","674","688","711"
"255","577","104","187","247","303","342","380","409","424","440"
"257","1346","263","436","595","717","801","864","932","982","1041"
"258","1951","1098","1425","1530","1589","1625","1652","1680","1700","1714"
"259","688","134","242","334","392","449","492","526","547","574"
"260","444","126","213","257","301","325","351","363","373","392"
"261","997","213","360","469","559","621","675","723","758","784"
"263","702","163","273","370","441","491","523","545","572","594"
"264","1419","230","426","613","740","846","920","994","1050","1097"
"266","1137","209","381","495","593","667","745","800","851","891"
"267","1557","349","619","832","966","1064","1155","1212","1266","1305"
"268","657","244","366","441","514","532","553","572","581","584"
"269","744","175","305","399","463","510","545","580","597","611"
"270","561","147","232","300","355","395","425","445","463","474"
"271","989","159","292","421","502","581","644","694","731","772"
"272","967","185","354","489","581","653","702","739","782","806"
"273","2611","474","855","1141","1366","1567","1721","1828","1937","2026"
"274","1156","345","565","727","822","895","944","983","1009","1025"
"275","1115","201","368","518","618","709","771","823","865","893"
"276","460","93","164","210","258","292","312","325","344","357"
"46","622","131","232","298","355","391","415","434","453","473"
"47","516","162","259","343","381","412","428","444","460","467"
"48","639","92","178","234","287","331","372","401","426","455"
"49","284","65","104","134","160","178","189","196","209","217"
"50","639","208","334","405","444","474","493","510","528","539"
"51","296","45","86","114","129","148","171","187","204","213"
"52","360","67","112","158","195","221","247","264","272","286"
"53","977","327","504","640","704","750","786","819","838","850"
"54","1446","248","453","586","718","818","894","970","1017","1058"
"55","566","113","185","255","303","342","382","406","430","448"
"56","884","144","266","361","448","505","570","606","631","659"
"57","319","52","86","126","158","177","199","211","225","232"
"58","1537","740","1018","1134","1172","1220","1254","1270","1289","1309"
"59","953","192","344","433","513","572","625","678","706","732"
"60","1117","174","320","433","519","594","641","700","750","795"
"61","459","84","174","209","243","276","308","324","341","353"
"62","464","94","172","225","260","287","319","337","350","370"
"63","643","240","367","416","449","467","485","496","516","524"
"65","593","236","348","399","432","446","470","481","487","495"
"66","354","75","127","180","218","239","257","273","285","289"
"67","424","72","125","168","212","240","270","285","307","321"
"68","205","80","120","148","159","164","170","173","174","176"
"69","221","41","76","101","129","142","158","164","171","173"
"70","186","51","75","100","115","126","140","140","143","145"
"71","245","47","84","109","133","156","170","178","185","188"
"72","175","37","58","82","98","108","119","124","136","139"
"73","516","108","172","225","273","303","330","356","380","399"
"74","774","197","338","433","488","536","565","591","610","629"
"75","470","89","158","218","260","305","331","357","367","374"
"76","597","84","162","236","288","333","366","389","422","442"
"77","509","72","139","192","236","272","295","329","348","368"
"78","649","162","268","340","402","452","482","513","530","540"
"79","191","32","65","87","100","116","132","143","150","152"
"81","483","104","175","231","274","304","329","352","374","383"
"82","294","92","154","198","225","245","258","263","268","269"
"83","522","108","187","256","295","334","360","392","407","421"
"84","1068","228","388","514","597","680","742","787","825","855"
"85","570","133","219","283","340","371","413","438","449","463"
"86","575","113","212","292","349","384","421","448","469","485"
"87","932","302","491","605","674","718","759","782","801","818"
"88","1285","293","495","649","745","839","908","970","1019","1049"
"89","1428","313","550","702","857","968","1053","1106","1150","1191"
"90","1003","272","430","545","637","697","742","783","809","829"
"91","523","127","235","316","350","376","407","430","446","449"
"92","1307","289","482","647","778","876","945","994","1040","1081"
"93","984","286","474","606","697","755","795","825","847","857"
"94","768","178","310","406","463","523","571","615","638","664"
"95","906","219","373","480","562","622","677","715","744","780"
"96","220","68","98","131","150","164","174","175","181","185"
"97","2422","553","906","1182","1395","1572","1686","1795","1869","1926"
"98","964","215","392","491","574","647","694","722","751","772"
"99","1075","204","356","477","566","648","711","767","809","837"
"100","455","106","173","220","267","292","313","330","345","359"
"101","1601","378","640","829","976","1075","1153","1224","1283","1330"
"102","298","71","138","177","207","227","237","249","255","264"
"103","488","96","189","240","284","320","348","372","383","400"
"104","796","125","246","340","406","463","510","551","584","609"
"105","1451","295","527","698","853","944","1030","1088","1129","1168"
"106","2456","437","777","1024","1235","1398","1560","1663","1737","1822"
"107","2220","496","877","1136","1340","1479","1608","1697","1753","1803"
"108","1012","191","345","445","531","598","653","701","741","773"
"109","971","217","362","484","554","608","673","719","748","767"
"110","1464","362","592","771","906","1003","1059","1114","1160","1192"
"111","799","181","278","377","441","496","542","579","605","624"
"112","915","296","473","597","672","726","761","789","804","819"
"113","1104","249","449","582","669","745","797","837","867","897"
"114","733","142","265","360","407","457","493","537","563","588"
"115","1232","196","356","485","592","682","762","838","876","909"
"116","1474","390","676","856","976","1058","1131","1191","1237","1257"
"118","597","137","229","297","367","400","431","455","475","494"
"119","2325","391","713","974","1164","1320","1466","1582","1668","1744"
"120","2443","462","783","1075","1305","1478","1610","1716","1812","1889"
"121","2383","428","745","1022","1220","1392","1525","1634","1726","1807"
"122","1228","233","412","561","685","767","853","911","961","999"
"123","439","113","187","252","289","321","346","365","375","374"
"124","545","137","214","275","328","354","382","401","413","425"
"125","1655","438","761","948","1053","1162","1234","1311","1362","1400"
"126","2377","375","682","940","1152","1331","1470","1589","1692","1776"
"128","2962","607","1085","1426","1685","1896","2065","2183","2281","2385"
"129","1621","318","537","711","851","977","1070","1142","1211","1266"
"130","2066","350","646","853","1053","1172","1300","1397","1477","1541"
"131","1969","371","634","851","1028","1159","1265","1354","1435","1493"
"132","1086","244","399","531","617","699","751","817","845","877"
"133","1241","243","427","579","691","788","853","917","956","987"
"134","174","69","100","115","128","136","141","143","149","151"
"135","324","55","102","152","173","204","223","239","249","259"
"136","454","91","170","242","276","320","349","363","378","389"
"137","1130","258","485","625","722","793","855","897","929","963"
"138","970","216","392","511","598","661","699","747","780","801"
"139","1614","282","520","699","841","957","1057","1140","1211","1257"
"140","962","199","348","461","554","634","687","730","769","797"
"141","873","172","311","407","498","549","596","640","674","702"
"142","604","113","196","260","310","354","399","425","455","477"
"143","1218","250","453","596","728","798","865","914","955","992"
"144","697","140","246","330","410","459","499","538","558","579"
"145","655","187","304","388","450","488","516","538","551","569"
"146","617","127","226","287","356","408","450","477","495","509"
"147","525","93","171","230","275","305","342","364","381","403"
"148","749","231","372","455","523","568","596","621","634","647"
"149","943","252","428","530","621","678","723","768","790","816"
"150","1002","195","353","450","544","614","676","730","756","780"
"151","1312","259","462","596","722","815","876","936","982","1027"
"152","1222","272","450","593","719","806","883","938","976","1006"
"153","902","200","325","434","498","573","614","646","680","706"
"154","615","167","286","360","408","449","477","499","510","520"
"155","1278","212","406","553","664","765","830","891","946","992"
"156","553","132","213","271","317","351","371","393","410","427"
"157","358","85","155","215","246","261","279","289","298","303"
"158","823","209","324","402","479","523","562","590","616","634"
"159","967","217","386","520","608","682","729","761","789","812"
"160","656","181","301","375","424","469","496","524","540","554"
"161","972","226","373","491","577","647","694","740","768","794"
"162","248","84","143","184","198","208","217","226","229","231"
"163","346","55","107","139","164","187","207","220","235","248"
"164","489","112","204","286","341","371","391","401","412","419"
"165","298","83","130","175","198","213","222","235","244","247"
"168","867","203","357","474","545","594","644","669","698","720"
"170","637","156","270","350","400","428","453","487","508","522"
"171","1372","325","562","737","863","975","1041","1094","1137","1174"
"172","1195","237","419","547","659","740","808","857","897","931"
"173","1017","148","285","391","494","566","632","690","736","773"
"174","1307","242","460","606","732","809","894","954","1002","1044"
"175","857","162","298","398","463","523","574","612","647","682"
"176","1562","456","777","963","1071","1167","1230","1283","1324","1361"
"177","1902","408","701","924","1094","1209","1305","1391","1450","1506"
"178","1160","214","393","519","622","706","775","817","864","896"
"179","745","166","295","383","451","499","541","572","600","618"
"180","905","293","463","570","660","705","735","773","787","804"
"277","884","158","284","377","458","503","541","575","614","639"
"278","716","184","298","375","444","486","520","558","578","590"
"280","1195","330","560","717","829","907","960","1020","1048","1072"
"281","698","139","259","337","410","455","494","519","537","557"
"282","1346","254","444","599","732","807","895","959","1016","1057"
"283","1062","199","339","454","560","648","701","750","788","830"
"284","873","192","318","421","501","554","595","634","668","692"
"285","2563","458","760","1044","1258","1419","1583","1708","1794","1897"
"286","1734","293","508","707","850","961","1068","1149","1227","1274"
"287","647","156","249","333","386","421","453","479","507","525"
"288","1147","209","362","480","574","651","728","792","844","872"
"289","851","419","581","667","721","752","767","779","791","801"
"290","1063","205","359","472","572","640","694","754","800","826"
"291","1346","234","410","556","672","777","852","922","963","1010"
"292","1366","258","446","598","703","802","886","956","1007","1056"
"293","1581","343","571","773","904","1000","1087","1153","1202","1249"
"294","547","93","186","258","318","355","391","410","420","442"
"295","581","90","169","234","274","312","351","382","405","418"
"297","1847","533","911","1145","1340","1450","1540","1603","1649","1694"
"298","483","106","190","245","288","314","332","350","365","382"
"299","257","57","109","141","160","174","186","199","207","214"
"300","1071","291","466","618","699","772","811","847","877","900"
"301","2252","445","788","1034","1272","1423","1545","1663","1747","1823"
"302","1645","372","612","835","981","1095","1174","1239","1302","1363"
"303","1595","273","511","689","842","963","1062","1135","1214","1266"
"304","355","69","126","173","196","215","238","245","258","263"
"305","1310","686","922","1013","1067","1102","1131","1157","1172","1183"
"306","696","130","219","290","339","381","423","457","489","506"
"307","1378","322","543","694","816","917","991","1042","1076","1117"
"308","788","209","338","430","492","544","585","617","641","656"
"309","980","202","358","476","560","623","675","707","738","767"
"310","1052","200","359","455","544","637","690","739","774","805"
"311","2309","419","706","974","1165","1336","1472","1576","1673","1734"
"312","2597","474","814","1093","1317","1476","1634","1762","1863","1945"
"313","3007","633","1096","1460","1741","1943","2110","2251","2358","2424"
"314","1347","242","390","520","636","732","820","883","933","976"
"315","1149","233","411","543","644","721","793","842","890","918"
"316","1766","356","606","839","986","1106","1204","1282","1340","1390"
"317","326","69","128","171","202","221","240","252","261","269"
"318","1884","441","749","955","1099","1228","1319","1394","1454","1493"
"319","1845","316","583","773","941","1064","1158","1246","1304","1363"
"320","323","86","163","200","234","253","268","276","285","290"
"321","1644","324","594","813","945","1052","1157","1214","1269","1313"
"322","424","121","201","244","290","319","332","351","360","366"
"323","923","220","385","493","560","610","651","690","718","735"
"324","983","159","300","395","492","558","613","652","695","732"
"325","693","128","231","295","361","420","456","480","510","537"
"326","1400","264","478","612","713","807","884","953","1001","1045"
"327","1299","223","409","573","706","791","873","940","999","1030"
"328","216","73","114","134","151","166","179","182","185","187"
"329","769","236","384","492","564","598","625","649","662","675"
"330","1620","307","526","700","855","986","1085","1162","1214","1264"
"331","581","181","296","363","409","437","461","477","492","499"
"332","520","116","219","280","322","355","383","406","415","426"
"333","1066","231","392","502","596","659","723","788","827","886"
"334","303","189","239","251","253","258","263","265","265","266"
"335","723","118","229","324","404","453","495","522","552","564"
"336","996","199","353","465","545","606","667","699","746","777"
"337","1408","310","560","725","832","922","1003","1053","1112","1149"
"338","1350","308","544","710","804","895","955","1012","1046","1075"
"339","957","185","323","449","548","611","659","691","727","755"
"340","1508","266","469","643","787","895","985","1053","1116","1170"
"341","1101","339","538","661","750","817","871","899","923","938"
"342","1743","323","580","765","914","1023","1108","1181","1247","1306"
"343","1455","519","797","963","1071","1128","1175","1217","1250","1279"
"345","1059","290","475","601","680","760","805","839","861","891"
"346","840","175","307","409","488","539","577","616","639","672"
"347","746","151","273","348","411","466","511","545","572","594"
"348","929","253","391","491","586","644","691","728","751","770"
"349","462","98","155","212","255","293","320","343","361","376"
"353","928","188","312","418","495","558","613","664","692","724"
"354","612","173","276","342","406","440","476","494","512","526"
"356","554","158","268","332","371","393","422","444","455","467"
"359","603","95","182","245","306","341","373","396","418","432"
"360","443","92","158","213","249","273","300","316","329","336"
"361","542","131","210","273","317","348","382","406","422","433"
"362","629","100","175","248","301","339","373","411","440","465"
"363","868","385","540","610","668","703","723","742","758","774"
"364","1220","230","420","565","681","764","839","892","930","966"
"365","661","492","571","584","588","597","605","605","607","608"
"366","1460","255","452","604","741","836","925","988","1052","1098"
"369","1004","165","296","403","495","556","618","671","713","744"
"370","1422","317","541","713","837","947","1022","1087","1122","1159"
"371","961","182","323","424","507","570","637","694","722","751"
"372","735","122","237","330","397","452","499","526","548","572"
"373","822","218","356","449","528","577","617","649","672","691"
"374","1069","193","341","470","570","644","704","750","784","820"
"375","1207","249","431","589","703","784","849","897","934","955"
"376","956","235","372","484","567","624","686","729","761","785"
"377","1348","252","451","621","748","851","917","968","1012","1054"
"378","1981","751","1134","1352","1492","1584","1643","1687","1733","1759"
"1526","430","126","230","293","322","341","357","374","381","386"
"1527","592","160","266","354","400","438","458","479","496","518"
"1528","614","259","391","456","495","514","533","550","562","574"
"1536","1027","397","623","761","843","898","927","949","966","977"
"1579","600","176","285","366","414","461","494","516","527","536"
"1581","881","487","676","768","809","835","848","854","859","859"
"1591","1449","372","660","844","1007","1103","1176","1231","1266","1295"
"1592","1073","304","511","665","764","850","904","942","976","1000"
"1547","1996","840","1241","1514","1664","1768","1835","1867","1897","1912"
"1548","1137","1136","1135","1134","1133","1132","1131","1130","1129","1128"
"1553","829","189","323","434","530","587","637","677","703","722"
"1554","711","258","412","491","546","597","613","630","647","663"
"1555","1425","616","967","1156","1259","1315","1362","1384","1393","1404"
"1556","1296","873","1125","1225","1262","1277","1284","1287","1287","1286"
"1558","1981","845","1299","1532","1685","1777","1825","1860","1880","1898"
"1560","1299","308","521","694","806","910","977","1040","1075","1107"
"1568","913","257","444","580","662","711","755","777","804","821"
"1569","1759","461","799","1033","1177","1294","1373","1435","1489","1526"
"1964","624","152","247","319","373","416","450","477","501","520"
"1965","956","206","370","494","563","625","663","703","748","777"
"1966","904","242","402","507","579","638","682","707","736","752"
"1967","876","254","415","523","590","639","673","703","730","747"
"1968","1057","245","423","526","616","676","727","774","819","848"
"1969","1056","296","450","567","660","735","780","816","851","876"
"1970","1767","375","644","838","995","1110","1206","1284","1341","1391"
"1971","1211","281","503","668","752","825","889","940","980","1011"
"1972","1712","377","668","859","1045","1160","1234","1307","1384","1430"
"1973","1166","265","471","612","704","772","830","876","919","943"
"1974","1137","208","382","513","613","698","776","831","872","903"
"1975","1061","283","471","587","678","743","798","837","874","897"
"1976","1524","282","503","662","794","907","987","1050","1109","1150"
"1977","1499","341","592","776","912","1001","1085","1146","1210","1238"
"1978","1509","353","626","805","942","1032","1114","1171","1217","1249"
"1979","1755","273","546","708","859","977","1078","1172","1253","1312"
"1980","1845","376","654","875","1055","1163","1276","1367","1424","1477"
"1981","1920","436","716","950","1120","1241","1351","1424","1488","1529"
"1982","1848","311","556","756","933","1063","1171","1269","1350","1398"
"1983","2337","441","799","1068","1271","1434","1558","1691","1774","1841"
"1984","2295","457","813","1085","1309","1442","1578","1678","1764","1840"
"1985","1966","392","713","942","1122","1251","1353","1442","1507","1555"
"1986","1621","380","648","838","978","1081","1164","1235","1286","1319"
"1987","2827","568","965","1324","1585","1788","1933","2048","2146","2222"
"1988","1947","429","706","928","1083","1210","1306","1388","1470","1514"
"1989","1111","245","409","539","653","732","783","837","872","904"
"1990","1780","405","690","895","1040","1177","1265","1346","1401","1453"
"1991","2018","472","839","1083","1264","1406","1507","1579","1643","1687"
"1992","2562","534","894","1195","1421","1592","1742","1835","1913","1987"
"1993","1913","540","880","1085","1245","1366","1451","1515","1577","1624"
"1994","1917","442","750","982","1140","1265","1360","1450","1514","1570"
"1995","2376","458","836","1106","1292","1467","1584","1690","1771","1851"
"1996","1238","215","400","514","633","722","801","859","904","942"
"1997","3235","597","1030","1378","1664","1898","2089","2245","2363","2466"
"1998","1837","492","813","1025","1175","1307","1403","1476","1532","1559"
"1999","1833","498","812","1038","1182","1281","1376","1444","1504","1547"
"2000","1836","529","868","1078","1244","1352","1419","1490","1534","1560"
"2001","2342","517","927","1213","1442","1588","1699","1787","1866","1939"
"2002","1703","469","761","954","1084","1191","1270","1332","1374","1408"
"2003","2391","628","1026","1315","1501","1633","1736","1825","1885","1936"
"2004","2222","615","994","1234","1442","1571","1673","1757","1811","1856"
"2005","1884","542","872","1085","1228","1323","1403","1464","1515","1545"
"2006","1966","561","894","1131","1271","1377","1450","1521","1558","1596"
"2007","1869","624","982","1191","1350","1466","1524","1595","1627","1667"
"2008","2278","416","724","982","1192","1349","1483","1569","1652","1713"
"2009","2141","522","882","1160","1357","1487","1589","1669","1733","1781"
"2010","2475","523","898","1205","1435","1594","1710","1817","1884","1940"
"2011","2003","608","985","1210","1344","1451","1560","1614","1658","1700"
"2012","2271","446","768","1000","1198","1379","1495","1585","1662","1738"
"2013","1114","257","418","550","654","713","768","805","834","859"
"2014","1743","495","815","1028","1168","1266","1337","1396","1443","1485"
"2015","1529","320","565","765","906","1008","1079","1142","1200","1242"
"2016","1526","318","556","729","848","949","1035","1099","1170","1214"
"2017","1554","320","561","745","892","998","1091","1156","1204","1247"
"2018","1338","347","586","759","875","978","1041","1083","1116","1140"
"2019","1473","286","484","650","777","907","992","1041","1108","1162"
"2020","1447","328","579","738","882","980","1050","1104","1143","1176"
"2021","1402","333","562","725","842","934","1012","1082","1125","1158"
"2022","2364","577","968","1244","1454","1615","1729","1818","1876","1932"
"2023","2109","453","771","1035","1224","1361","1457","1537","1617","1670"
"2024","1978","495","855","1086","1267","1386","1476","1549","1619","1669"
"2025","1515","389","673","851","975","1060","1143","1189","1234","1263"
"2026","1834","474","764","985","1127","1232","1310","1376","1438","1482"
"2027","2218","454","778","1044","1222","1383","1496","1584","1668","1731"
"2029","2202","431","766","1033","1207","1350","1448","1548","1625","1675"
"2030","2267","487","834","1087","1269","1404","1518","1616","1700","1764"
"2031","2055","388","691","906","1054","1182","1304","1388","1456","1518"
"2032","2583","476","855","1120","1350","1516","1663","1757","1854","1937"
"2034","2790","552","967","1258","1502","1694","1831","1958","2055","2131"
"2035","2563","517","899","1178","1404","1566","1691","1779","1872","1947"
"2036","1962","420","732","950","1117","1248","1357","1447","1513","1563"
"2037","1856","351","635","851","1007","1150","1245","1322","1383","1425"
"2038","1429","314","541","682","812","907","986","1049","1105","1149"
"2039","1866","371","620","859","1027","1151","1244","1318","1395","1437"
"2040","1926","410","709","923","1100","1237","1346","1419","1497","1542"
"2041","1584","328","577","750","875","982","1061","1122","1179","1228"
"2042","1849","356","634","876","1047","1181","1278","1347","1397","1443"
"2043","1885","454","772","999","1161","1272","1361","1434","1489","1527"
"2044","2253","426","733","954","1171","1325","1466","1577","1668","1743"
"2045","1766","346","614","797","937","1054","1142","1213","1273","1332"
"2046","2217","354","646","875","1064","1209","1343","1446","1537","1613"
"2047","1987","495","792","998","1173","1304","1391","1472","1530","1583"
"2048","2142","364","663","882","1061","1209","1319","1426","1502","1562"
"2050","2198","375","690","886","1095","1263","1383","1472","1541","1617"
"2051","2176","483","789","1053","1237","1393","1503","1581","1657","1723"
"2052","2135","551","902","1119","1283","1390","1508","1582","1645","1710"
"2053","2055","322","598","832","1025","1169","1276","1373","1438","1509"
"2054","2331","489","849","1113","1325","1483","1609","1707","1771","1824"
"2055","1828","401","684","886","1025","1153","1260","1332","1396","1437"
"2056","3441","655","1156","1530","1852","2085","2264","2425","2547","2638"
"2057","1339","377","632","791","889","968","1031","1071","1111","1137"
"2058","1652","276","521","725","878","977","1054","1130","1198","1242"
"2059","2305","490","912","1200","1374","1513","1631","1722","1794","1845"
"2060","1307","306","522","663","766","862","946","1004","1042","1070"
"2061","1328","300","536","682","796","887","968","1024","1063","1095"
"2062","1629","517","834","1011","1112","1210","1276","1329","1362","1391"
"2063","1317","386","620","775","900","971","1044","1077","1103","1128"
"2064","1667","358","624","812","958","1077","1150","1215","1290","1332"
"2065","2008","401","706","925","1076","1202","1315","1406","1481","1537"
"2066","1715","390","654","858","989","1103","1172","1241","1296","1353"
"2067","2373","419","741","997","1201","1374","1508","1616","1700","1773"
"2068","1988","378","625","814","965","1101","1208","1300","1365","1427"
"2069","1687","385","634","834","956","1062","1138","1209","1251","1299"
"2070","1640","374","610","788","931","1051","1105","1168","1224","1264"
"2071","1515","302","524","714","845","942","1027","1100","1153","1198"
"2072","1250","248","436","555","669","763","831","891","928","969"
"2073","2817","559","950","1267","1533","1704","1832","1958","2046","2130"
"2074","2771","477","836","1110","1332","1536","1687","1805","1906","1977"
"2075","2884","498","900","1226","1463","1661","1808","1932","2035","2127"
"2076","1714","357","612","805","960","1073","1171","1239","1291","1349"
"2077","2513","465","828","1116","1328","1509","1671","1762","1837","1906"
"2078","1864","287","492","700","875","1019","1119","1202","1271","1345"
"2079","1557","289","535","701","834","933","1016","1093","1144","1186"
"2080","1977","311","558","771","928","1056","1164","1257","1337","1398"
"2081","1294","222","402","536","671","777","837","885","948","983"
"2082","1570","308","505","684","807","953","1024","1083","1141","1196"
"2083","1636","409","692","873","1007","1119","1200","1246","1282","1321"
"2084","2812","609","1040","1347","1586","1778","1913","2026","2128","2195"
"2085","2199","547","950","1224","1408","1543","1647","1727","1801","1845"
"2086","2631","529","897","1211","1452","1594","1724","1825","1935","2012"
"2087","1023","232","404","512","607","672","723","753","784","805"
"2088","1885","336","628","833","963","1074","1181","1264","1333","1378"
"2089","2556","523","899","1193","1405","1572","1698","1808","1894","1956"
"2090","1399","318","549","731","862","937","1016","1074","1118","1151"
"2091","2817","520","931","1228","1439","1634","1793","1908","2021","2098"
"2092","2299","374","641","866","1051","1206","1341","1431","1520","1599"
"2093","1901","490","789","1029","1196","1336","1425","1490","1548","1600"
"2094","2877","771","1280","1655","1893","2083","2234","2335","2406","2465"
"2095","2326","542","922","1203","1414","1560","1674","1763","1823","1900"
"2096","1084","312","525","660","765","832","893","931","951","967"
"2097","1357","279","477","651","772","854","933","995","1032","1069"
"2098","2451","526","907","1208","1423","1614","1751","1849","1929","1995"
"2099","1725","423","703","920","1072","1190","1290","1365","1426","1464"
"2100","2023","414","732","948","1139","1272","1380","1446","1510","1569"
"2101","2214","513","849","1109","1317","1462","1580","1667","1731","1799"
"2102","2559","615","1043","1319","1548","1709","1852","1966","2050","2116"
"2103","2345","518","912","1204","1408","1571","1710","1798","1878","1947"
"2104","3043","641","1070","1430","1696","1892","2062","2202","2302","2398"
"2106","2425","537","887","1168","1367","1529","1655","1760","1839","1904"
"2107","2338","518","894","1180","1384","1537","1670","1768","1850","1908"
"2108","2208","510","885","1143","1349","1487","1594","1675","1756","1815"
"2109","2327","482","849","1119","1298","1467","1592","1697","1778","1857"
"2110","3145","725","1226","1584","1854","2076","2229","2354","2455","2546"
"2111","2071","509","851","1109","1296","1436","1546","1635","1699","1750"
"2112","2121","485","836","1094","1285","1419","1534","1623","1703","1763"
"2113","2238","466","806","1076","1279","1433","1554","1665","1732","1788"
"2114","2219","508","896","1154","1350","1510","1632","1736","1808","1855"
"2115","2176","512","864","1129","1310","1435","1549","1642","1712","1774"
"2116","2146","433","779","1026","1199","1362","1474","1573","1642","1707"
"2117","2205","429","755","1006","1200","1353","1482","1579","1663","1710"
"2118","2557","515","927","1245","1475","1639","1759","1895","1977","2048"
"2119","3143","557","1014","1357","1623","1844","2012","2150","2254","2352"
"2120","3121","640","1116","1475","1739","2001","2165","2296","2392","2491"
"2121","2723","612","1087","1373","1605","1786","1925","2017","2114","2189"
"2122","1970","418","720","970","1151","1297","1388","1490","1558","1609"
"2123","2607","541","967","1286","1527","1713","1853","1969","2072","2135"
"2124","1846","337","646","895","1052","1161","1261","1335","1405","1453"
"2125","3936","789","1377","1848","2173","2431","2621","2791","2914","3026"
"2126","3400","731","1294","1695","1996","2243","2424","2553","2679","2759"
"2127","1930","426","719","954","1114","1221","1339","1416","1487","1547"
"2128","1618","401","687","859","1016","1122","1199","1263","1305","1343"
"2129","3859","876","1475","1927","2272","2543","2730","2908","3029","3120"
"2130","1840","360","631","847","994","1121","1219","1304","1365","1412"
"2131","1898","367","687","919","1065","1195","1303","1378","1451","1497"
"2132","1717","358","619","806","944","1066","1165","1243","1305","1344"
"2133","3141","657","1150","1489","1780","2007","2186","2316","2420","2521"
"2134","3146","856","1434","1830","2070","2255","2405","2490","2570","2653"
"2135","678","134","266","346","400","437","477","505","531","551"
"2136","1259","262","457","607","723","798","867","912","957","984"
"2137","3459","805","1375","1798","2105","2331","2527","2655","2748","2850"
"2138","2976","553","979","1314","1561","1762","1927","2054","2171","2259"
"2139","3759","660","1168","1582","1918","2197","2411","2598","2721","2837"
"2140","3079","576","1025","1357","1616","1844","1999","2147","2270","2372"
"2141","2776","512","887","1188","1463","1659","1835","1974","2075","2161"
"2142","3108","557","1051","1445","1704","1937","2131","2270","2376","2462"
"2143","3535","649","1176","1579","1894","2152","2356","2521","2670","2789"
"2145","1974","335","608","821","992","1139","1239","1322","1396","1453"
"2146","1965","415","717","927","1085","1231","1341","1443","1508","1553"
"2147","2846","543","997","1321","1572","1775","1932","2060","2176","2253"
"2149","2795","512","941","1259","1497","1669","1851","1972","2071","2166"
"2150","2462","445","804","1097","1319","1468","1609","1724","1809","1871"
"2151","3079","597","1005","1408","1676","1883","2040","2185","2275","2369"
"2152","3058","555","999","1325","1577","1773","1940","2074","2188","2293"
"2153","2918","564","1004","1318","1575","1788","1936","2074","2184","2278"
"2154","2323","422","715","951","1149","1311","1454","1582","1676","1762"
"2155","2911","463","835","1148","1381","1555","1719","1855","1968","2083"
"2156","2640","455","841","1126","1325","1508","1635","1755","1854","1930"
"2157","2041","347","649","873","1076","1222","1319","1428","1510","1583"
"2159","2285","475","794","1054","1251","1415","1528","1616","1698","1765"
"2160","2271","339","667","898","1111","1276","1395","1490","1592","1668"
"2161","2435","449","820","1100","1315","1485","1606","1722","1808","1901"
"2162","2690","543","944","1245","1478","1678","1809","1938","2018","2090"
"2163","2974","551","990","1330","1630","1838","1996","2121","2219","2316"
"2164","2467","490","865","1164","1363","1526","1652","1751","1842","1911"
"2165","2004","492","817","1045","1230","1365","1464","1534","1590","1652"
"2166","2617","531","896","1182","1415","1618","1765","1876","1967","2041"
"2167","2609","690","1161","1451","1675","1841","1959","2041","2098","2154"
"2168","1809","258","488","683","848","991","1095","1182","1257","1314"
"2169","2768","508","909","1234","1493","1673","1826","1959","2067","2141"
"2170","2435","560","925","1212","1416","1576","1718","1818","1919","1988"
"2171","3113","626","1115","1451","1734","1922","2073","2214","2329","2416"
"2172","1891","364","627","841","1015","1149","1238","1330","1395","1460"
"2173","1920","473","776","989","1156","1296","1392","1477","1535","1593"
"2174","2998","607","1068","1443","1703","1911","2076","2211","2316","2385"
"2175","1998","427","722","944","1123","1260","1369","1455","1512","1571"
"2176","2332","410","743","1004","1219","1362","1505","1605","1693","1762"
"2177","2528","443","790","1061","1247","1410","1549","1675","1762","1836"
"2178","3144","671","1185","1541","1822","2043","2172","2276","2384","2478"
"2179","2438","464","831","1083","1315","1491","1616","1745","1832","1893"
"2180","2916","502","943","1244","1499","1711","1851","1983","2082","2180"
"2181","3154","684","1126","1498","1767","1957","2115","2251","2367","2449"
"2182","2561","481","825","1138","1371","1552","1689","1807","1904","1973"
"2183","2510","463","842","1131","1355","1527","1658","1771","1868","1917"
"2184","2811","524","899","1211","1448","1650","1799","1920","2042","2125"
"2185","2495","457","797","1055","1289","1472","1615","1725","1814","1895"
"2186","3056","544","986","1312","1592","1799","1954","2102","2212","2304"
"2187","2504","461","838","1100","1325","1491","1625","1741","1843","1915"
"2188","2635","465","819","1089","1353","1537","1710","1816","1929","2018"
"2189","2299","452","836","1086","1288","1430","1545","1638","1722","1796"
"2190","2728","553","981","1296","1523","1716","1862","1958","2059","2131"
"2191","1825","341","613","840","999","1139","1235","1311","1370","1423"
"2192","2196","505","839","1123","1302","1440","1547","1638","1711","1770"
"2193","2183","472","828","1086","1284","1418","1526","1615","1686","1742"
"2194","1829","344","598","812","956","1071","1176","1259","1333","1386"
"2195","2640","486","868","1140","1380","1584","1724","1844","1939","2030"
"2196","2487","505","844","1134","1373","1546","1676","1780","1864","1940"
"2197","1844","382","651","876","1029","1168","1276","1357","1428","1479"
"2198","2339","387","700","954","1142","1305","1422","1538","1641","1719"
"2199","2587","450","785","1062","1279","1468","1593","1708","1821","1907"
"2200","3018","599","1109","1464","1698","1926","2082","2190","2281","2374"
"2201","3463","595","1079","1473","1811","2042","2223","2381","2509","2603"
"2202","2006","370","642","834","1007","1158","1266","1361","1446","1514"
"2203","1536","239","432","610","729","829","920","982","1047","1095"
"2204","1353","225","407","563","689","786","872","928","972","1009"
"2205","2541","427","768","1043","1262","1433","1569","1702","1790","1870"
"2206","2649","525","948","1239","1447","1633","1778","1899","1988","2063"
"2207","2181","381","691","931","1103","1250","1374","1470","1558","1623"
"2208","2288","434","788","1032","1242","1386","1517","1616","1694","1758"
"2210","2509","442","784","1078","1277","1436","1593","1708","1780","1859"
"2211","2027","290","579","798","962","1115","1228","1335","1416","1484"
"2212","1460","250","451","604","740","858","947","1015","1071","1120"
"2213","2408","439","778","1026","1230","1389","1518","1625","1728","1820"
"2214","2452","463","863","1105","1316","1498","1642","1734","1821","1896"
"2215","2916","467","883","1208","1453","1641","1789","1926","2028","2114"
"2216","2363","454","859","1151","1354","1529","1665","1753","1839","1909"
"2105","929","231","393","494","581","647","706","735","759","780"
"2144","2832","535","944","1278","1530","1705","1842","1976","2081","2159"
"2148","2413","479","854","1134","1341","1500","1621","1751","1841","1931"
"2158","2356","471","809","1071","1275","1439","1551","1657","1738","1791"
"2209","3603","797","1341","1764","2096","2304","2459","2615","2731","2817"
"2217","2387","415","776","1029","1226","1395","1529","1629","1721","1792"
"2218","1783","364","644","847","1000","1121","1199","1283","1331","1372"
"2219","2202","420","772","1065","1236","1400","1519","1600","1680","1744"
"2220","3810","859","1464","1884","2201","2460","2647","2801","2934","3039"
"2221","2792","766","1273","1628","1888","2028","2169","2263","2337","2388"
"2222","2748","603","1040","1375","1610","1818","1964","2086","2171","2246"
"2223","1530","367","603","787","905","1007","1088","1134","1182","1217"
"2224","2170","391","722","940","1113","1276","1398","1503","1588","1652"
"2225","1827","443","732","952","1106","1216","1316","1378","1434","1473"
"2226","2033","437","750","989","1166","1312","1421","1501","1574","1638"
"2227","3678","872","1460","1874","2176","2419","2602","2756","2864","2955"
"2228","1837","368","696","923","1056","1176","1279","1336","1394","1445"
"2229","1829","440","724","948","1110","1254","1329","1400","1450","1491"
"2230","1716","372","659","851","982","1091","1177","1241","1288","1319"
"2232","1277","365","561","720","827","925","986","1032","1059","1088"
"2233","2336","404","714","978","1189","1349","1484","1594","1679","1752"
"2234","323","82","149","190","218","235","251","261","273","285"
"2235","2143","442","758","988","1187","1333","1438","1533","1616","1675"
"2236","1740","346","625","833","984","1112","1216","1283","1333","1389"
"2237","1758","404","693","871","1015","1135","1209","1287","1332","1387"
"2238","2223","586","946","1195","1415","1578","1696","1770","1846","1896"
"2239","1650","371","650","846","983","1067","1153","1215","1274","1318"
"2240","1875","398","672","896","1078","1201","1304","1392","1466","1511"
"2241","1067","245","399","497","584","656","717","765","799","828"
"2242","1669","349","618","821","949","1065","1162","1227","1289","1350"
"2243","777","206","326","417","475","531","573","596","617","634"
"2244","2509","589","1040","1337","1575","1746","1855","1961","2024","2085"
"2245","1598","324","579","785","909","1013","1102","1158","1218","1258"
"2246","2195","428","765","1028","1212","1369","1476","1569","1633","1701"
"2247","1717","427","750","972","1130","1240","1317","1368","1417","1453"
"2248","2270","566","995","1278","1463","1607","1715","1801","1857","1910"
"2249","1869","295","556","752","896","1029","1139","1223","1293","1350"
"2250","1929","425","735","944","1123","1244","1355","1431","1501","1567"
"2251","2813","597","1033","1360","1607","1810","1994","2118","2235","2317"
"2252","1916","413","702","957","1108","1235","1347","1422","1479","1533"
"2253","1982","429","746","965","1123","1251","1368","1448","1507","1563"
"2254","3042","807","1365","1740","2006","2208","2355","2472","2562","2628"
"2255","1981","456","780","1017","1184","1304","1407","1482","1543","1591"
"2256","2105","437","744","1002","1177","1311","1423","1503","1572","1624"
"2257","2629","541","956","1227","1454","1646","1795","1930","2022","2090"
"2258","2495","590","948","1263","1496","1654","1766","1862","1944","1992"
"2259","2237","462","811","1053","1247","1400","1506","1602","1701","1753"
"2260","2275","557","952","1222","1412","1563","1694","1779","1841","1887"
"2261","3228","685","1211","1579","1859","2085","2267","2394","2498","2590"
"2262","2000","360","633","837","988","1124","1232","1339","1407","1462"
"2263","2387","440","802","1084","1275","1433","1554","1654","1761","1835"
"2264","2522","615","1059","1353","1568","1736","1868","1961","2029","2093"
"2265","2022","409","726","959","1140","1260","1370","1445","1509","1576"
"2266","948","212","369","475","554","620","676","709","735","762"
"2267","1710","367","680","895","1042","1136","1219","1291","1345","1391"
"2268","2068","421","700","936","1111","1249","1354","1450","1535","1599"
"2269","1916","523","853","1083","1255","1377","1436","1500","1543","1592"
"2270","2619","552","962","1260","1499","1685","1841","1942","2044","2114"
"2271","2575","637","1058","1392","1646","1820","1963","2061","2154","2213"
"2272","1930","365","674","881","1053","1194","1292","1370","1436","1498"
"2273","2054","452","815","1018","1190","1331","1450","1527","1605","1661"
"2274","1609","324","575","753","886","992","1070","1139","1197","1238"
"2275","1589","287","519","710","834","948","1042","1130","1192","1246"
"2276","1558","354","600","795","943","1029","1122","1187","1239","1285"
"2277","1885","434","774","1003","1191","1312","1411","1475","1535","1566"
"2278","1564","295","539","725","861","980","1062","1131","1185","1229"
"2279","2404","489","846","1124","1338","1489","1616","1723","1791","1849"
"2280","3538","748","1276","1674","1994","2242","2440","2592","2722","2816"
"2281","2511","527","884","1141","1349","1506","1653","1749","1827","1909"
"2282","1512","347","598","774","895","980","1052","1117","1162","1195"
"2283","2850","625","1066","1435","1699","1866","2006","2145","2253","2340"
"2284","731","125","216","280","344","406","454","493","513","541"
"2285","816","127","251","344","415","475","528","571","603","629"
"2286","633","114","194","261","308","346","374","413","443","460"
"2288","917","186","330","417","498","567","615","664","699","724"
"2289","745","132","225","298","363","414","453","500","526","550"
"2290","1006","372","592","712","796","863","892","915","933","949"
"2291","990","176","335","435","524","589","657","697","736","760"
"2292","1026","159","292","406","477","544","614","671","707","740"
"2293","1037","173","302","401","471","537","607","648","687","722"
"2294","1167","199","363","483","584","664","734","777","825","849"
"2295","972","169","291","387","476","547","602","656","692","725"
"2296","943","187","313","412","497","562","620","680","716","748"
"2297","1094","171","324","428","531","603","663","716","748","784"
"2298","995","133","273","373","446","511","581","644","691","728"
"2299","869","153","288","372","456","523","569","597","632","667"
"2300","688","142","256","346","404","443","477","509","530","546"
"2301","894","151","259","347","422","487","533","583","613","651"
"2302","842","146","253","348","428","477","532","583","611","650"
"2303","1026","178","318","450","525","609","661","708","743","777"
"2305","1001","148","281","394","490","554","611","649","686","715"
"2306","2106","318","547","760","928","1065","1209","1323","1423","1485"
"2307","1955","301","533","749","895","1027","1132","1215","1308","1377"
"2308","2317","321","558","772","983","1140","1279","1392","1491","1572"
"2309","1839","262","523","721","860","981","1086","1181","1268","1320"
"2310","1934","314","561","740","911","1030","1162","1246","1322","1384"
"2311","1930","348","570","762","946","1101","1197","1274","1351","1423"
"2312","1844","315","553","753","890","1031","1134","1243","1318","1380"
"2313","1579","234","439","605","743","868","950","1019","1085","1157"
"2314","1910","356","626","835","992","1116","1231","1318","1390","1448"
"2315","1652","324","581","762","906","1023","1112","1182","1248","1300"
"2316","2191","366","657","869","1073","1229","1354","1445","1532","1610"
"2317","1468","256","461","631","760","862","940","999","1063","1117"
"2318","1619","308","506","693","837","946","1037","1096","1149","1208"
"2319","1701","258","451","618","771","895","999","1100","1162","1212"
"2320","1795","295","518","708","869","992","1103","1180","1247","1305"
"2321","1766","312","557","737","905","1021","1120","1212","1287","1334"
"2322","1804","270","513","702","840","958","1077","1150","1227","1277"
"2323","2275","397","691","916","1108","1292","1418","1534","1620","1706"
"2324","1668","288","533","695","847","974","1047","1144","1215","1275"
"2325","1808","254","482","650","793","948","1051","1148","1218","1294"
"2326","1336","267","474","620","754","854","934","989","1038","1083"
"2327","1627","284","480","640","786","906","990","1067","1139","1208"
"2328","2070","402","716","971","1128","1256","1377","1454","1538","1585"
"2329","1746","255","490","701","864","1001","1100","1185","1254","1312"
"2330","2642","418","744","1012","1238","1420","1570","1691","1787","1880"
"2331","1444","270","485","647","783","883","977","1042","1088","1133"
"2332","1766","290","502","690","825","948","1056","1139","1207","1256"
"2333","1802","281","515","707","848","973","1069","1157","1229","1276"
"2334","1828","394","654","865","1039","1181","1300","1367","1431","1483"
"2335","1691","350","644","821","988","1100","1196","1254","1308","1367"
"2336","1968","361","639","865","1026","1168","1283","1376","1457","1520"
"2337","1758","336","566","750","899","1027","1119","1211","1281","1337"
"2338","2224","486","835","1112","1279","1435","1560","1647","1720","1777"
"2339","1705","307","570","768","887","1017","1125","1207","1269","1324"
"2340","1887","385","684","895","1049","1191","1281","1347","1408","1447"
"2341","1665","279","492","665","793","915","992","1077","1147","1191"
"2342","1377","241","457","612","735","824","902","967","1022","1068"
"2343","1422","275","470","606","718","824","916","987","1035","1079"
"2344","1423","266","501","660","793","905","977","1036","1086","1131"
"2345","1839","358","593","773","920","1021","1136","1210","1280","1343"
"2346","1514","341","573","755","884","989","1076","1134","1186","1230"
"2347","1864","369","632","831","985","1117","1229","1307","1363","1412"
"2348","1440","255","482","646","762","859","919","991","1043","1076"
"2349","1580","272","470","639","765","865","968","1033","1083","1148"
"2350","1310","274","465","596","721","794","861","925","975","1024"
"2351","1548","282","492","653","777","905","989","1042","1110","1148"
"2352","2069","336","625","846","1035","1164","1289","1383","1468","1528"
"2353","1672","253","457","643","774","883","987","1071","1142","1216"
"2354","1619","262","470","647","781","884","982","1069","1137","1196"
"2355","1543","246","445","605","720","836","936","1015","1085","1126"
"2356","1329","214","382","512","614","714","792","858","900","952"
"2357","1824","330","574","751","908","1060","1168","1255","1314","1371"
"2358","1744","313","569","759","911","1020","1114","1198","1256","1306"
"2359","1230","242","434","568","670","759","841","898","940","962"
"2360","1363","237","429","557","669","764","843","910","959","994"
"2361","1512","251","451","610","728","834","922","989","1034","1079"
"2362","1438","292","514","662","770","849","924","987","1034","1078"
"2363","1124","233","379","497","575","652","712","749","788","818"
"2364","817","131","268","364","431","485","533","564","594","619"
"2365","1155","193","335","422","532","610","677","720","761","804"
"2366","1864","338","593","800","965","1101","1222","1295","1368","1418"
"2367","1693","318","551","704","851","947","1029","1096","1142","1191"
"2368","1288","217","411","539","650","750","826","885","933","967"
"2369","1643","276","512","665","796","910","998","1064","1124","1165"
"2370","1281","261","433","563","666","740","805","849","888","918"
"2371","1870","306","591","803","953","1065","1167","1252","1316","1383"
"2372","1516","252","479","650","783","903","988","1050","1099","1140"
"2373","1980","319","586","797","949","1076","1183","1256","1327","1395"
"2374","1478","243","402","531","665","758","831","896","938","978"
"2375","1539","261","456","618","761","869","972","1029","1090","1142"
"2377","2030","345","615","836","1022","1171","1286","1371","1446","1516"
"2378","2013","347","605","824","1009","1151","1250","1339","1414","1476"
"2379","1865","346","604","792","930","1053","1173","1263","1354","1417"
"2380","1677","356","607","812","969","1063","1158","1228","1278","1332"
"2381","1258","271","458","629","743","820","899","946","998","1030"
"2383","1640","240","447","606","718","827","922","988","1049","1098"
"2384","1739","287","523","680","831","948","1053","1141","1197","1251"
"2385","2001","283","510","716","881","1015","1132","1236","1325","1386"
"2386","1270","262","443","591","684","753","841","904","944","979"
"2387","1696","303","516","710","845","960","1072","1145","1219","1278"
"2388","1915","321","593","814","965","1095","1222","1302","1370","1444"
"2389","1994","363","629","865","1025","1171","1276","1364","1440","1503"
"2390","1746","301","526","700","845","960","1051","1127","1196","1252"
"2391","1460","318","517","712","839","944","1029","1078","1130","1178"
"2392","1688","342","601","807","961","1072","1149","1228","1288","1336"
"2393","1000","189","334","445","544","622","667","708","744","776"
"2394","1798","331","551","726","862","994","1089","1173","1254","1299"
"2395","1470","302","501","656","773","880","950","1009","1048","1092"
"2396","2109","334","597","818","989","1137","1272","1368","1443","1523"
"2397","2225","369","648","865","1049","1188","1303","1406","1484","1543"
"2398","2135","319","563","786","941","1065","1172","1270","1332","1419"
"2400","1763","300","535","716","859","989","1087","1169","1227","1274"
"2401","2101","339","609","848","1030","1173","1289","1378","1466","1529"
"2402","1548","253","465","640","769","868","955","1025","1089","1135"
"2403","1930","338","631","842","998","1139","1247","1318","1397","1452"
"2404","224","71","115","148","163","178","186","189","190","192"
"2405","2057","394","681","904","1088","1221","1336","1434","1484","1538"
"2406","1894","427","739","952","1116","1232","1332","1400","1454","1510"
"2407","2128","365","647","858","1031","1165","1287","1408","1508","1574"
"2408","2321","408","724","981","1176","1330","1454","1550","1649","1723"
"2409","1945","359","596","785","961","1098","1201","1281","1356","1424"
"2410","850","157","284","377","456","507","540","577","604","628"
"2411","2095","339","594","793","956","1077","1197","1297","1374","1446"
"2412","1883","362","629","828","1002","1123","1217","1291","1363","1425"
"2413","1762","322","562","738","888","998","1099","1180","1239","1276"
"2414","368","82","145","193","215","236","256","273","290","297"
"2415","512","105","177","232","271","319","343","360","383","398"
"2416","411","99","176","212","248","277","302","324","339","346"
"2417","628","130","224","285","332","375","409","442","462","481"
"2418","634","111","204","288","345","400","428","471","491","518"
"2419","174","70","97","118","133","141","145","149","150","152"
"2420","988","163","292","399","484","557","610","669","709","739"
"2421","831","174","279","367","448","501","548","588","619","638"
"2422","780","126","241","315","372","420","472","506","530","569"
"2423","626","92","194","262","317","363","401","435","455","475"
"2424","657","123","244","329","388","453","478","510","527","537"
"2425","675","135","237","311","375","424","451","475","502","518"
"2426","577","104","183","251","293","330","364","391","410","436"
"2427","718","119","205","282","350","392","443","475","499","527"
"2428","575","88","168","244","297","355","392","420","438","453"
"2429","536","119","205","259","306","360","400","413","434","449"
"2430","1008","180","330","437","521","592","647","705","743","776"
"2431","711","144","263","360","428","467","499","528","546","562"
"2432","387","123","202","264","300","320","337","345","354","356"
"2433","439","120","200","252","287","318","339","350","363","368"
"2434","444","93","159","207","249","283","306","326","346","354"
"2435","607","138","236","298","358","408","435","453","468","478"
"2436","560","98","182","249","315","354","385","411","421","441"
"2437","350","63","133","166","204","232","252","265","275","285"
"2438","429","76","129","176","216","246","274","296","309","318"
"2440","510","102","191","254","298","326","350","365","380","395"
"2441","257","113","170","196","218","224","231","232","234","236"
"2442","632","126","234","315","366","409","444","478","506","518"
"2443","453","70","121","164","201","233","253","281","301","321"
"2444","651","154","263","358","410","458","492","521","537","552"
"2445","383","117","196","246","285","310","328","335","344","349"
"2446","430","134","208","262","292","329","344","354","367","375"
"2447","510","105","177","236","282","325","351","383","395","403"
"2448","469","78","156","201","243","269","292","318","342","352"
"2449","101","20","32","43","52","61","67","73","77","78"
"2450","236","58","103","135","158","165","177","185","194","198"
"2451","386","118","176","226","260","279","292","303","315","323"
"2452","330","61","111","152","194","216","239","255","265","272"
"2453","489","132","222","281","314","354","371","386","397","411"
"2455","523","101","179","244","289","325","350","375","390","415"
"2456","365","85","147","184","226","250","265","280","296","305"
"2457","434","114","191","242","277","299","319","336","350","364"
"2458","447","90","162","211","256","293","317","338","353","363"
"2459","1170","238","439","580","684","766","825","871","911","944"
"2460","593","116","209","285","329","368","407","437","458","474"
"2461","652","130","229","295","358","409","454","483","503","524"
"2462","703","118","235","315","356","409","447","485","509","533"
"2463","748","123","222","295","346","406","443","476","501","526"
"2464","714","157","259","340","402","453","492","532","556","578"
"2465","943","148","266","360","445","506","558","623","655","687"
"2466","723","136","238","320","392","442","485","519","551","573"
"2467","654","141","249","334","386","431","459","490","516","529"
"2468","489","131","219","276","313","345","373","394","408","416"
"2469","869","188","323","437","509","560","611","651","681","699"
"2470","984","191","310","415","500","573","627","669","710","745"
"2471","589","121","202","256","292","338","367","391","415","430"
"2472","464","100","182","233","284","316","333","352","369","385"
"2475","460","111","179","238","275","300","327","336","350","363"
"2476","454","132","217","275","318","340","359","388","397","403"
"2477","325","66","114","165","191","209","223","235","250","259"
"2478","491","103","186","244","282","318","343","364","378","393"
"2480","657","128","234","290","346","394","422","457","477","503"
"2481","798","148","257","333","407","461","498","546","576","602"
"2482","360","88","143","184","214","232","253","271","280","287"
"2483","894","158","301","402","482","546","597","632","656","683"
"2484","448","82","156","208","249","273","292","316","337","351"
"2485","535","111","174","236","286","328","342","368","387","406"
"2486","465","83","145","209","243","277","304","332","353","372"
"2489","654","236","357","441","498","531","562","581","591","599"
"2490","610","211","324","404","445","474","491","515","531","538"
"2491","539","132","222","295","341","375","404","420","444","458"
"2492","751","208","337","419","475","528","563","591","610","627"
"2493","969","205","354","459","546","617","668","711","744","767"
"2494","1119","301","505","653","756","824","878","919","937","961"
"2495","926","225","376","498","561","619","663","693","723","741"
"2496","761","204","310","402","470","514","554","586","614","638"
"2497","900","326","499","597","654","701","734","764","787","805"
"2498","660","143","246","314","360","412","452","481","503","529"
"2500","866","165","281","373","438","489","537","568","601","629"
"2501","900","204","312","430","513","564","606","644","671","699"
"2502","865","185","327","423","489","550","588","630","661","683"
"2503","791","124","232","297","361","422","477","519","557","584"
"2504","78","21","33","39","42","47","53","58","59","59"
"2505","362","81","147","187","222","256","274","283","295","305"
"2506","258","55","91","123","149","166","184","195","201","205"
"2507","268","53","109","146","169","183","193","203","212","218"
"2508","236","91","144","168","185","193","201","206","211","214"
"2510","480","170","280","335","371","396","412","424","438","444"
"2511","164","48","76","96","111","119","126","133","134","137"
"2512","582","105","186","238","279","338","368","397","416","434"
"2513","615","125","225","288","333","373","403","436","457","476"
"2514","566","135","231","317","360","389","406","427","441","454"
"2515","732","138","254","337","414","466","502","540","564","581"
"2516","925","223","365","468","550","601","643","680","707","726"
"2517","726","181","280","377","444","493","535","559","571","591"
"2518","829","234","383","495","559","605","653","682","709","727"
"2520","687","213","321","400","458","505","532","548","563","577"
"2521","826","159","279","370","436","501","547","578","616","650"
"2522","610","116","207","286","338","383","410","440","465","481"
"2523","563","90","159","205","251","287","313","338","363","386"
"2524","416","155","233","283","312","332","352","360","370","376"
"2525","357","123","186","229","257","276","293","303","307","315"
"2526","355","91","144","184","214","237","257","269","284","292"
"2527","711","152","263","319","356","401","451","483","509","537"
"2528","575","104","191","251","300","335","371","396","417","435"
"2529","495","123","224","284","330","361","379","394","402","416"
"2530","354","96","149","201","225","250","264","278","285","297"
"2531","237","49","87","119","141","160","170","178","184","189"
"2532","214","47","82","110","124","141","156","165","171","175"
"2533","370","105","172","216","242","268","279","285","297","299"
"2534","359","81","128","155","185","204","227","248","263","269"
"2535","576","130","215","280","324","363","403","426","451","471"
"2536","466","104","187","242","296","324","350","366","383","393"
"2537","233","52","88","111","131","152","162","170","179","182"
"2538","268","112","176","211","229","242","246","250","253","253"
"2539","197","51","73","97","110","123","129","134","140","143"
"2540","278","49","93","130","155","170","178","195","209","216"
"2541","219","90","141","165","173","183","192","196","199","199"
"2542","221","52","92","123","138","149","162","166","170","172"
"2692","1121","305","503","648","742","827","878","918","959","987"
"2693","443","129","223","287","325","357","382","397","407","412"
"2694","803","141","252","349","414","468","510","549","584","607"
"2695","619","180","298","392","447","483","510","533","552","561"
"2696","661","208","340","421","478","516","550","567","586","602"
"2697","753","250","408","495","559","603","628","656","672","689"
"2698","578","162","272","348","400","436","468","491","510","514"
"2699","813","204","367","474","548","588","631","662","693","709"
"2700","678","204","340","418","467","522","561","582","598","610"
"2701","1863","279","489","703","853","985","1097","1191","1266","1310"
"2702","382","178","252","303","328","345","353","359","363","364"
"2703","1624","265","470","635","761","859","962","1032","1093","1151"
"2704","913","326","526","653","721","763","791","813","838","851"
"2705","1346","395","645","843","951","1042","1110","1158","1191","1220"
"2706","1543","506","812","1011","1151","1242","1311","1357","1391","1416"
"2707","1084","327","545","681","793","865","920","947","972","990"
"2708","1482","201","358","491","599","718","806","867","914","963"
"2709","1671","236","421","568","709","832","922","1009","1084","1134"
"2710","1709","243","450","631","749","870","988","1065","1119","1171"
"2711","1272","430","691","866","976","1045","1099","1135","1159","1179"
"2712","1480","246","430","602","736","825","906","975","1031","1071"
"2713","1533","234","412","577","698","792","882","963","1027","1085"
"2714","1423","321","516","667","775","872","953","1002","1046","1096"
"2715","1919","259","470","655","824","947","1059","1146","1221","1285"
"2716","1203","203","377","504","592","673","738","795","841","883"
"2717","1607","264","467","619","748","851","918","989","1055","1110"
"2718","1663","302","517","694","838","938","1043","1122","1196","1234"
"2719","1480","184","328","480","606","701","802","872","929","992"
"2720","1482","646","954","1116","1208","1268","1314","1342","1361","1371"
"2721","1373","722","1034","1172","1238","1285","1309","1321","1328","1331"
"2722","837","348","527","617","677","727","758","771","780","794"
"2723","911","305","470","600","673","737","776","798","817","837"
"2724","544","163","256","324","355","380","406","431","448","459"
"2725","706","176","305","385","450","490","518","546","562","580"
"2726","661","389","538","588","609","622","632","636","642","644"
"2727","1182","640","886","1012","1072","1104","1115","1131","1139","1143"
"2728","400","180","263","305","329","347","358","364","371","375"
"2729","907","244","391","496","587","636","677","714","742","758"
"2730","904","334","533","640","720","765","801","823","840","853"
"2731","894","183","312","407","495","564","620","657","689","720"
"2732","863","172","308","403","468","534","579","620","653","680"
"2733","506","113","191","238","285","316","344","369","388","400"
"2734","685","315","456","542","587","615","633","645","655","660"
"2735","1180","241","413","557","647","720","789","848","889","920"
"2736","1040","438","673","806","901","942","965","982","995","1002"
"2737","778","340","515","611","664","692","712","729","737","740"
"2738","871","165","286","373","458","516","571","595","639","669"
"2739","1051","436","654","774","859","907","941","958","984","991"
"2740","1127","223","402","532","628","705","766","811","851","880"
"2741","1125","301","481","608","693","760","810","865","905","934"
"2743","1067","474","709","822","905","944","976","994","1010","1015"
"2744","2084","453","793","1033","1232","1355","1460","1552","1611","1669"
"2745","1593","321","551","716","858","975","1068","1145","1205","1239"
"2746","1657","312","538","701","828","934","1028","1118","1184","1250"
"2747","1390","253","421","582","716","831","908","981","1040","1075"
"2748","1413","275","484","638","750","843","926","987","1037","1077"
"2749","913","335","549","677","744","787","823","847","862","870"
"2750","1562","250","464","643","756","864","951","1018","1079","1128"
"2751","1921","420","733","951","1127","1262","1358","1434","1496","1554"
"2752","1359","473","756","953","1067","1143","1182","1211","1242","1261"
"2753","1749","452","760","969","1111","1206","1288","1352","1399","1434"
"2754","1142","527","784","897","964","1009","1031","1056","1065","1074"
"2755","1682","345","601","783","918","1013","1108","1172","1234","1276"
"2756","1679","228","442","578","714","819","901","973","1046","1106"
"2757","1939","440","758","961","1111","1235","1349","1433","1491","1530"
"2758","1266","217","406","536","634","742","818","882","942","977"
"2759","1375","287","476","612","759","867","931","985","1036","1067"
"2760","1541","227","438","607","720","825","922","1005","1071","1110"
"2761","1495","466","773","975","1101","1200","1273","1306","1349","1372"
"2762","1560","282","506","676","824","932","1009","1083","1144","1205"
"2763","1395","387","675","890","1008","1085","1156","1216","1259","1277"
"2764","745","258","410","504","569","611","646","668","682","697"
"2765","1318","223","388","507","618","712","786","858","907","950"
"2766","1269","187","338","443","549","618","708","765","824","874"
"2767","1102","338","563","700","797","867","918","950","987","1008"
"2769","903","240","407","518","610","670","710","753","784","807"
"2770","741","234","368","466","535","579","606","635","657","672"
"2771","1037","314","516","645","734","798","859","899","932","946"
"2774","1176","444","696","845","951","1013","1069","1093","1114","1123"
"2783","796","211","343","439","523","571","615","637","668","675"
"2788","634","213","350","430","490","522","549","566","578","588"
"2825","1100","386","638","781","868","931","976","999","1019","1029"
"2827","1043","398","623","771","852","906","939","960","973","983"
"2916","902","199","361","453","531","576","627","666","701","726"
"2918","556","125","229","287","335","373","397","425","444","462"
"2921","422","94","164","220","262","282","301","316","335","345"
"2922","364","59","108","143","181","209","234","245","262","278"
"2923","410","101","172","211","252","273","286","301","311","327"
"2924","420","133","214","259","293","329","348","358","372","380"
"2925","294","65","115","156","180","201","214","227","236","246"
"2926","360","63","115","163","196","215","237","246","258","270"
"2927","479","169","272","317","366","383","398","406","414","416"
"2928","284","69","118","160","188","206","217","225","234","244"
"2930","561","103","182","264","311","349","374","401","417","438"
"2932","455","112","174","222","273","309","325","340","359","372"
"2933","343","88","146","175","210","235","253","263","270","279"
"2934","523","85","162","224","266","297","337","366","379","392"
"2937","647","173","276","371","434","469","500","520","538","546"
"2938","620","115","195","251","305","354","391","424","451","472"
"2940","436","75","144","204","255","292","315","328","341","348"
"2941","970","181","321","428","502","572","621","667","700","739"
"2942","741","191","318","412","499","540","577","607","637","651"
"2943","577","109","192","265","318","364","386","413","436","447"
"2944","426","73","140","202","246","273","304","329","344","351"
"2945","1254","237","424","562","678","778","844","906","951","988"
"2948","757","144","251","336","415","470","510","535","560","579"
"2949","861","214","354","460","539","602","644","676","702","722"
"2950","797","138","237","344","407","462","513","555","586","610"
"2995","389","56","122","172","203","227","249","269","287","299"
"2996","236","71","123","146","169","185","191","195","202","206"
"2997","644","133","233","319","376","430","461","482","511","528"
"2999","380","93","155","201","245","270","293","304","319","329"
"3002","868","174","296","396","475","543","584","623","657","687"
"3003","648","147","253","328","375","412","453","488","501","519"
"3004","883","153","269","375","445","516","562","611","640","675"
"3005","671","160","299","394","448","494","522","545","561","582"
"3006","735","116","226","325","383","434","485","516","544","570"
"3008","640","95","176","243","300","351","396","427","447","468"
"3009","449","86","159","215","254","278","303","317","331","348"
"3010","261","63","115","153","170","189","200","210","216","218"
"3012","353","106","162","206","236","260","282","287","295","301"
"3014","398","78","120","154","197","227","254","274","281","298"
"3018","751","168","298","374","434","485","535","573","600","619"
"3020","606","122","213","290","336","385","419","453","474","493"
"3025","673","148","243","325","396","430","467","498","525","544"
"3026","436","87","162","200","239","286","308","326","342","352"
"3027","508","104","186","239","286","321","352","373","385","404"
"3030","847","196","328","441","517","571","620","654","678","703"
"3031","807","174","295","397","466","527","576","615","641","659"
"3033","813","160","275","366","434","488","529","563","597","624"
"3035","669","159","273","370","428","473","514","546","566","577"
"3038","307","54","102","141","179","202","216","228","240","251"
"3039","737","126","230","311","377","429","468","520","557","579"
"3040","832","139","256","337","418","483","528","575","596","623"
"3041","413","117","176","235","264","288","307","332","348","356"
"3042","435","86","151","211","256","291","307","323","340","349"
"3043","669","145","238","329","374","435","472","501","521","533"
"3045","876","238","405","495","572","620","662","698","716","746"
"3046","861","183","314","426","525","580","619","662","687","707"
"3047","2349","340","641","882","1059","1216","1342","1461","1573","1664"
"3048","400","64","123","179","218","249","267","291","307","321"
"3049","559","108","193","254","311","349","389","406","425","435"
"3050","501","111","188","240","283","314","336","356","377","388"
"3051","647","120","220","298","362","405","442","462","480","504"
"3052","395","66","124","163","209","234","259","272","284","297"
"3053","707","207","337","419","482","519","544","568","587","610"
"3056","379","81","133","178","213","243","260","278","292","303"
"3057","515","97","164","217","264","302","337","370","387","398"
"3058","902","164","316","406","488","537","602","640","673","691"
"3060","385","98","159","207","233","265","280","299","313","321"
"3061","694","142","240","319","383","436","463","505","539","560"
"3062","519","265","370","424","446","460","472","485","491","498"
"3063","684","127","251","318","365","417","446","481","509","529"
"3064","477","111","207","249","292","325","355","368","382","395"
"3065","413","157","242","300","330","355","368","378","385","390"
"3066","631","137","239","308","363","408","436","464","486","508"
"3067","583","103","195","247","302","349","389","420","436","449"
"3068","640","130","217","279","339","391","440","472","495","514"
"3069","733","145","257","329","400","464","508","533","563","584"
"3071","586","121","205","255","303","349","385","414","438","457"
"3072","809","161","305","406","476","522","563","607","639","666"
"3073","520","108","199","262","294","327","351","378","397","417"
"3074","908","183","317","422","494","559","612","655","691","719"
"3075","354","79","141","181","213","243","256","274","281","292"
"3076","442","84","155","204","244","272","296","316","329","342"
"3077","345","85","145","185","222","253","263","273","280","290"
"3078","459","107","170","232","266","302","325","349","370","382"
"3081","442","66","138","187","226","253","282","299","320","334"
"3082","682","202","328","397","463","507","536","556","577","600"
"3084","523","125","210","288","333","370","408","421","439","450"
"3085","743","117","234","309","388","443","494","531","561","586"
"3088","367","366","365","364","363","362","361","360","359","358"
"3092","947","205","360","469","572","623","668","713","745","773"
"3094","303","70","123","159","200","219","230","240","246","249"
"3098","500","93","176","246","302","340","364","380","391","406"
"3099","714","137","241","343","405","446","488","522","542","566"
"3101","881","147","278","384","460","520","573","615","657","677"
"3102","1153","236","399","528","636","727","795","849","905","933"
"3103","704","200","344","443","498","539","576","599","617","634"
"3104","621","117","222","296","357","399","441","479","497","516"
"3106","1107","207","404","547","638","698","759","808","851","885"
"3107","979","551","757","873","918","935","949","953","959","960"
"3108","1364","309","558","733","854","961","1042","1109","1144","1182"
"3109","1064","197","340","450","540","617","687","729","778","813"
"3110","1037","266","443","603","703","772","827","873","894","910"
"3111","549","139","237","307","356","394","419","445","458","468"
"3112","794","184","310","419","501","557","597","622","643","667"
"3117","449","107","182","246","295","320","341","364","379","391"
"3133","752","130","241","333","391","442","487","526","558","584"
"3134","1619","330","581","782","940","1057","1164","1245","1294","1332"
"3142","769","165","281","369","434","486","521","563","590","609"
"3144","672","115","223","304","365","426","461","496","514","535"
"2960","1114","169","321","467","570","666","721","768","804","847"
"2961","468","110","192","255","302","334","351","368","378","396"
"2963","966","214","370","481","549","629","689","720","766","794"
"2964","1442","360","619","785","938","1027","1095","1148","1182","1212"
"2966","1661","347","619","813","984","1101","1196","1274","1324","1365"
"2967","1714","369","625","837","973","1104","1192","1277","1349","1393"
"2968","1356","268","474","606","734","844","920","991","1049","1079"
"2969","1300","531","813","975","1070","1141","1173","1199","1216","1231"
"2971","1114","434","665","778","861","913","950","966","989","1004"
"2973","1347","268","479","637","767","874","946","1000","1053","1091"
"2975","1173","347","559","712","818","904","968","1010","1056","1078"
"2977","1181","261","458","625","739","822","882","927","965","989"
"2978","1129","201","362","489","606","674","735","791","829","868"
"2979","804","197","341","450","505","557","596","628","650","668"
"2981","795","141","258","353","428","479","522","557","591","618"
"2982","928","152","280","384","473","537","590","626","665","702"
"2983","654","137","228","304","358","411","452","483","519","536"
"2984","631","205","323","396","449","493","517","538","554","562"
"2985","2289","479","857","1133","1362","1504","1632","1735","1822","1881"
"2987","724","136","235","327","389","434","475","511","527","549"
