session_id,total_utterances,strict_2_1,strict_3_1,strict_4_1,strict_5_1,strict_6_1,strict_7_1,strict_8_1,strict_9_1,strict_10_1
1,175,7,10,10,10,10,10,10,11,11
2,526,49,69,80,84,89,94,97,100,104
3,968,85,117,134,146,152,158,163,165,170
4,565,20,30,38,39,42,46,48,48,49
5,413,29,46,53,55,57,63,65,67,71
6,683,65,83,91,98,106,111,117,118,125
7,669,82,104,120,135,141,144,145,149,153
8,594,66,80,86,92,97,98,103,103,103
9,130,4,4,9,10,10,12,13,13,12
10,334,42,57,64,68,67,68,68,68,70
11,438,41,59,70,72,79,83,88,89,91
12,665,109,132,140,143,146,147,148,148,150
13,700,108,131,147,156,165,173,175,178,183
14,227,26,35,41,41,43,50,52,54,55
15,117,25,34,37,37,36,36,37,36,35
16,215,30,41,42,44,44,46,47,49,50
17,398,82,95,104,106,108,111,112,115,117
18,486,36,47,60,64,67,68,73,76,77
19,504,72,101,108,119,125,128,128,129,133
20,476,56,79,84,92,100,102,102,103,106
21,160,11,15,15,17,17,18,18,19,19
22,586,101,126,139,146,152,159,166,174,177
23,232,14,19,22,23,23,26,26,25,26
24,202,28,42,45,47,48,48,50,50,50
25,837,96,130,151,163,170,177,182,185,192
26,263,55,80,87,94,101,104,110,110,110
27,635,103,145,155,168,176,180,185,185,188
28,600,67,90,93,101,106,107,110,113,118
29,845,159,214,234,247,253,264,270,272,276
30,487,53,73,78,84,86,90,92,96,98
31,169,10,17,18,17,17,18,19,19,19
32,306,43,54,60,61,64,67,68,69,71
33,259,31,37,41,44,44,47,47,48,47
34,796,68,107,123,135,137,143,147,151,155
35,460,57,67,79,84,86,90,90,91,92
36,109,17,27,29,30,32,33,34,34,34
37,882,57,84,101,111,117,126,132,140,142
38,545,58,80,93,101,105,109,118,122,124
39,676,64,93,110,114,121,130,138,146,152
40,493,52,75,87,91,97,99,102,105,111
42,657,78,119,141,155,163,174,183,188,194
43,652,65,84,95,101,108,112,118,121,126
44,946,92,143,165,177,189,193,201,209,211
45,626,73,100,125,137,141,146,150,158,162
46,413,20,35,40,46,48,52,54,55,55
47,366,28,46,47,51,53,54,54,55,55
48,618,39,61,79,85,93,96,103,106,107
49,283,26,39,45,52,53,53,52,52,52
50,276,32,44,47,49,53,57,58,61,63
51,90,5,5,5,5,5,5,5,5,5
52,123,4,6,6,6,6,7,8,8,8
53,239,15,20,24,27,28,29,31,31,33
54,887,47,73,82,84,92,94,99,106,110
55,247,9,12,13,14,14,15,18,19,20
56,277,21,29,31,32,32,33,34,37,38
57,193,11,17,22,23,24,25,26,26,26
58,740,31,44,51,58,58,61,65,69,71
59,221,13,21,23,23,24,25,25,26,27
60,511,35,53,57,61,64,65,66,67,66
61,200,24,30,37,37,40,40,40,39,39
62,136,8,17,20,22,24,25,26,28,28
63,121,12,14,17,17,17,17,18,19,19
65,263,14,17,19,20,20,20,21,22,23
66,85,4,6,7,7,8,9,9,9,9
67,303,18,30,34,34,35,35,36,37,38
68,182,55,65,67,66,67,69,71,70,71
69,122,9,14,16,20,21,21,21,21,22
70,107,15,16,15,18,18,20,21,20,21
71,147,12,16,20,20,23,23,26,26,26
72,118,12,17,21,21,22,23,22,22,23
73,249,29,36,43,44,46,47,48,49,50
74,240,24,27,28,29,28,30,30,30,30
75,75,2,2,3,2,3,3,4,3,3
76,303,56,65,68,71,74,75,78,80,81
77,112,6,9,12,12,12,13,13,12,12
78,139,13,15,17,17,17,17,17,17,17
79,91,2,3,5,5,5,6,6,6,7
81,110,10,13,13,15,17,20,21,21,23
82,98,11,14,14,15,16,17,18,19,19
83,56,9,9,9,9,9,9,9,9,10
84,78,4,5,7,7,8,8,9,9,9
85,269,18,21,23,25,25,28,28,31,32
86,218,13,16,16,18,19,19,18,17,17
87,516,46,67,75,83,88,91,93,95,97
88,416,54,77,91,104,111,115,127,135,138
89,550,80,116,125,132,136,141,144,151,153
90,139,11,20,23,23,24,25,24,25,25
91,86,12,17,21,21,22,24,23,23,24
92,314,54,67,69,74,75,78,80,81,83
93,240,42,56,62,69,71,74,77,79,80
94,99,34,39,42,42,43,47,49,50,49
95,308,61,80,86,93,97,97,105,111,111
96,87,11,11,14,15,17,20,22,22,24
97,677,86,117,125,134,137,139,144,147,149
98,577,78,115,127,141,144,149,153,158,162
99,557,61,92,120,134,146,150,153,160,164
100,282,20,27,34,36,40,40,42,43,43
101,982,123,203,238,263,279,290,301,305,311
102,62,11,14,16,17,18,18,19,18,19
103,215,12,16,20,22,23,24,26,26,27
104,296,42,52,56,56,58,59,59,60,60
105,378,42,51,56,58,62,66,71,73,74
106,748,51,72,81,83,87,91,94,98,103
107,687,76,101,112,120,122,122,127,130,134
108,289,29,38,43,44,47,48,48,48,51
109,243,16,23,27,27,29,30,33,35,35
110,406,33,46,52,57,56,57,59,61,60
111,384,36,55,61,66,73,75,77,78,79
112,124,7,9,11,14,15,15,15,15,16
113,371,10,22,25,29,29,31,31,32,33
114,388,37,55,66,71,78,81,81,81,82
115,455,35,50,61,70,75,76,78,83,86
116,433,46,68,73,81,82,85,89,88,90
118,90,16,19,21,23,23,23,24,24,24
119,995,93,142,158,166,177,179,181,184,186
120,1178,153,205,225,240,252,259,264,272,275
121,1193,113,164,184,199,206,210,217,221,226
122,514,43,67,76,81,86,92,99,104,110
123,141,18,20,23,24,23,25,25,25,25
124,225,30,42,49,53,56,57,58,60,61
125,430,44,67,74,76,78,81,83,86,91
126,722,101,144,157,164,175,178,181,185,186
128,713,70,101,117,128,136,142,146,153,155
129,681,72,102,116,117,122,128,133,136,140
130,594,72,86,89,94,100,101,105,110,111
131,758,74,95,110,118,121,125,127,131,133
132,394,32,49,60,64,64,66,66,67,66
133,523,49,69,81,84,86,90,95,100,105
134,52,5,6,6,5,9,8,8,8,9
135,142,11,17,24,24,25,26,26,26,26
136,184,25,33,38,38,38,38,39,39,39
137,545,49,82,99,112,121,123,127,130,133
138,462,48,87,100,123,129,134,136,138,141
139,400,35,43,48,51,55,59,62,65,66
140,234,17,23,26,32,36,36,36,37,41
141,246,21,28,32,35,35,36,36,37,39
142,153,18,24,25,27,27,28,28,28,27
143,354,46,54,59,65,67,69,71,73,73
144,211,36,48,54,55,59,59,62,63,65
145,332,8,18,21,21,24,26,26,31,31
146,170,21,27,30,31,33,33,33,34,35
147,206,20,27,28,29,29,29,29,31,31
148,177,20,28,30,33,35,42,45,46,48
149,169,8,9,12,12,14,14,14,16,17
150,304,31,46,48,49,50,50,51,52,52
151,310,30,39,39,44,48,52,52,52,53
152,107,6,7,7,7,7,8,8,8,8
153,151,25,35,41,40,42,42,41,41,40
154,156,21,25,27,28,32,32,33,33,33
155,304,34,43,43,47,47,49,53,56,58
156,87,5,8,10,11,11,12,12,12,12
157,85,21,21,23,25,26,27,28,30,30
158,189,18,22,23,25,26,26,29,30,31
159,243,32,41,45,46,48,49,53,55,57
160,130,18,25,25,25,26,27,27,27,27
161,254,43,51,54,57,60,63,64,63,62
162,162,6,17,20,21,23,25,25,26,27
163,108,7,14,16,17,18,18,19,21,22
164,97,12,14,17,20,21,22,21,21,21
165,74,13,19,20,22,23,23,24,24,24
168,83,4,5,7,7,7,7,7,7,7
170,263,12,18,21,22,23,25,25,24,24
171,600,41,72,82,91,104,111,113,116,116
172,433,34,52,58,66,66,68,71,74,79
173,470,43,65,80,88,91,105,106,108,110
174,191,22,28,36,37,39,40,41,42,42
175,337,33,48,56,60,63,64,66,69,69
176,642,56,93,121,134,143,145,153,157,162
177,788,124,172,204,223,230,240,250,255,258
178,436,33,51,65,74,81,87,90,90,90
179,133,22,28,30,31,33,34,35,36,35
180,278,44,62,71,74,77,78,78,79,80
181,1737,303,427,474,496,522,536,548,559,573
182,747,67,103,122,131,137,143,150,156,161
183,1135,91,146,160,176,187,193,202,205,210
184,743,89,121,138,149,157,162,164,167,168
185,395,20,28,30,31,32,34,35,35,35
186,128,10,14,15,15,16,16,15,16,16
187,879,116,196,234,257,273,286,293,302,309
188,56,4,6,8,8,8,8,8,8,8
189,198,12,15,19,20,22,25,28,29,32
190,358,37,52,61,64,67,67,67,67,67
191,252,20,27,28,30,34,35,35,36,36
192,992,34,51,59,62,63,70,73,75,83
193,514,56,78,91,94,96,99,100,102,106
194,433,66,79,83,89,92,93,96,99,99
195,358,32,39,46,48,52,54,55,57,57
196,308,52,59,63,65,70,70,71,72,73
197,384,31,44,47,52,54,54,58,60,60
198,309,29,32,36,39,43,44,44,45,45
199,562,71,82,95,103,108,112,113,112,112
200,945,132,187,211,229,237,244,249,258,262
201,80,3,5,5,6,6,6,6,8,8
202,239,17,24,26,28,31,34,35,37,38
203,100,8,14,17,19,20,19,19,18,18
204,792,55,82,95,100,108,115,120,123,127
205,372,43,63,70,72,74,75,78,80,80
206,507,41,54,62,67,76,80,81,83,85
207,512,43,57,65,69,73,74,76,76,81
208,392,27,38,44,50,51,51,53,54,55
209,155,17,21,22,24,24,24,27,27,28
210,113,6,9,9,9,9,10,10,11,12
211,453,17,25,29,36,38,40,43,44,45
213,213,11,18,22,25,26,27,27,29,28
214,300,24,38,44,47,52,53,54,56,57
215,1146,127,181,203,215,225,233,238,246,249
216,821,67,102,122,132,138,146,151,154,155
217,1062,60,93,113,122,129,132,137,143,147
218,310,32,43,49,51,56,60,61,62,63
219,195,18,24,28,30,32,34,36,36,36
220,1003,107,146,162,181,191,198,207,208,214
221,1745,129,200,245,265,285,297,303,312,319
222,1760,138,218,255,282,297,317,331,341,355
223,140,11,15,17,19,19,21,21,22,23
224,723,89,119,131,138,144,147,150,152,156
225,146,23,24,26,26,31,33,34,34,34
226,995,86,117,134,151,159,169,175,179,185
227,328,26,37,43,43,45,46,45,47,49
228,269,19,32,35,41,44,46,46,47,47
229,397,46,58,69,72,80,81,86,91,94
231,158,12,20,22,22,22,24,24,26,26
232,102,11,13,15,16,17,22,22,22,22
233,119,13,18,25,26,25,25,27,27,27
234,338,30,39,44,48,50,50,50,51,51
235,79,7,9,9,10,10,10,10,10,11
236,702,44,65,68,71,74,74,76,78,81
237,139,16,26,27,32,34,34,38,39,39
238,915,80,112,123,129,137,139,146,149,151
239,190,20,25,29,33,33,35,34,34,35
240,228,27,43,49,55,57,57,60,60,60
241,115,12,17,17,17,18,20,20,21,23
242,359,18,26,27,33,38,40,41,41,44
243,623,66,89,103,112,116,122,125,126,128
244,204,8,14,16,19,19,18,19,19,19
245,201,21,25,26,32,33,34,36,36,35
246,274,15,26,30,31,30,32,32,33,33
248,156,6,7,7,7,8,8,9,11,11
250,540,57,78,87,95,96,100,99,102,103
251,238,33,44,47,50,52,57,60,60,59
253,142,16,18,20,20,21,21,21,20,19
254,218,40,47,51,59,64,66,68,73,75
255,144,8,11,14,15,17,18,18,17,19
257,264,10,15,19,25,25,29,29,30,30
258,236,9,12,12,13,13,16,17,19,19
259,118,6,7,7,9,9,10,10,10,11
260,83,3,5,7,7,7,9,10,10,10
261,207,17,22,27,28,30,32,32,32,32
263,90,6,7,9,11,11,11,11,11,10
264,250,14,17,22,24,24,24,24,25,26
266,273,40,51,60,64,68,71,71,70,70
267,350,41,58,60,64,65,67,70,73,73
268,217,27,48,53,62,64,64,65,66,67
269,212,22,28,37,37,38,39,39,40,42
270,138,21,25,30,29,29,28,28,28,29
271,449,43,75,86,96,104,110,115,121,126
272,349,33,50,61,65,71,76,80,83,84
273,382,58,79,86,97,101,110,111,115,116
274,395,22,37,43,46,46,48,51,58,61
275,313,39,63,74,83,89,94,103,103,104
276,213,17,29,36,39,45,51,52,53,54
277,570,47,72,85,91,97,101,103,104,105
278,350,50,73,78,82,85,89,93,95,97
279,579,68,89,98,103,109,115,121,129,130
280,426,5,9,10,9,11,10,9,8,7
281,241,27,39,44,47,49,49,52,53,53
282,332,17,24,27,30,32,35,40,44,44
283,271,30,42,46,49,52,53,53,52,52
284,127,9,9,10,10,13,14,14,14,14
285,1050,83,108,123,138,150,152,152,153,154
286,761,74,101,113,123,127,131,134,140,142
287,129,5,11,12,11,10,10,11,12,12
288,389,42,49,54,59,60,61,62,63,66
289,66,9,9,11,12,12,12,13,13,13
290,307,29,41,44,48,50,52,53,54,53
291,364,28,40,42,44,47,48,51,52,52
292,283,25,36,41,41,42,42,42,43,44
293,476,20,29,33,35,42,42,44,45,46
294,144,13,15,16,17,17,17,20,21,20
295,229,12,16,18,21,24,25,25,25,25
297,137,4,5,6,6,6,6,6,6,6
298,146,22,28,29,30,31,31,32,32,31
299,78,5,8,8,8,8,8,8,8,7
300,204,15,18,19,22,24,27,29,29,31
301,322,14,17,19,22,23,24,26,26,27
302,290,11,18,21,24,29,32,32,33,33
303,242,13,21,23,24,26,29,31,35,36
304,177,10,14,15,15,16,18,19,19,19
305,265,12,18,19,21,23,23,23,23,24
306,211,18,25,29,28,29,30,30,30,30
307,227,19,29,31,33,34,35,36,36,36
308,134,8,16,18,20,20,20,21,22,22
309,283,30,43,50,51,52,55,57,58,59
310,321,27,37,40,43,44,47,48,51,51
311,387,40,50,56,60,65,68,68,69,69
312,669,38,45,58,62,67,71,74,74,78
313,681,54,68,70,74,79,83,90,91,97
314,484,38,57,64,69,74,76,79,80,81
315,336,18,31,40,44,44,44,46,48,48
316,741,75,105,118,128,139,142,145,148,152
317,200,23,33,35,37,37,38,40,40,40
318,412,47,53,63,66,68,69,69,70,69
319,641,46,72,88,96,95,101,104,108,111
320,68,7,8,10,12,12,13,12,13,13
321,273,47,57,61,64,66,67,69,72,72
322,106,26,30,32,34,37,37,39,40,40
323,223,21,25,26,28,29,30,32,32,32
324,226,28,34,38,38,43,44,45,45,45
325,224,43,49,56,61,62,68,68,69,69
326,451,41,55,62,64,67,69,69,73,75
327,320,41,58,64,69,73,75,78,79,81
328,95,10,11,11,11,11,12,12,12,13
329,100,8,12,13,14,14,15,14,15,19
330,207,12,20,23,25,26,30,31,31,31
331,67,16,18,17,18,19,20,21,22,23
332,141,13,13,14,16,19,20,21,21,22
333,158,18,23,25,28,29,30,30,30,33
334,103,4,5,6,7,8,8,8,8,8
335,348,44,56,66,69,71,76,77,79,81
336,370,34,45,50,50,51,52,54,55,55
337,252,16,24,26,28,30,30,32,32,32
338,228,26,39,43,49,51,53,54,56,57
339,249,37,46,51,54,58,61,62,62,64
340,408,77,103,114,117,120,121,125,129,131
341,141,13,18,22,22,24,26,26,28,28
342,514,32,48,55,61,63,63,66,69,72
343,440,39,58,62,66,69,73,77,77,80
345,94,3,3,3,4,4,4,4,5,5
346,80,11,11,12,12,12,15,16,15,15
347,154,23,35,40,41,40,41,43,45,44
348,154,7,9,11,12,12,12,12,14,15
349,50,2,2,3,2,2,2,2,2,2
353,163,25,33,37,40,43,44,45,45,45
354,124,16,17,19,19,19,20,20,20,20
356,52,5,7,7,8,8,8,8,8,8
359,337,19,33,39,44,47,48,50,50,51
360,174,11,15,15,15,16,17,17,17,17
361,216,7,9,12,14,17,16,16,16,16
362,177,14,19,20,23,23,25,26,26,27
363,203,9,15,18,18,19,20,20,20,21
364,175,9,11,13,15,15,15,17,18,19
365,311,15,23,28,31,32,32,34,36,36
366,268,15,20,23,28,29,31,34,35,36
369,435,45,60,70,75,82,86,88,90,93
370,264,33,49,54,58,60,64,67,69,72
371,246,37,54,62,75,82,82,82,84,86
372,192,14,17,19,20,22,23,23,24,25
373,196,23,30,35,38,40,41,41,41,43
374,334,53,66,72,78,80,83,84,85,85
375,153,13,30,36,41,45,45,47,49,50
376,251,19,25,28,31,32,33,33,34,36
377,255,19,25,33,36,40,40,41,43,43
378,321,22,33,41,43,45,48,48,54,56
379,789,59,87,101,110,111,116,121,126,127
380,153,10,20,22,24,26,28,29,32,32
381,614,52,83,93,104,114,118,122,126,132
382,908,72,98,115,129,136,141,148,150,152
383,482,62,83,98,103,111,115,118,122,127
384,393,21,38,46,53,57,62,65,70,70
385,654,42,55,65,77,82,87,92,95,96
386,485,25,36,45,47,52,55,55,55,56
387,425,37,51,62,69,77,81,83,84,84
388,1092,63,83,98,104,109,114,124,129,134
389,398,44,66,73,80,85,89,89,91,92
390,1093,43,60,69,73,75,83,86,90,93
391,732,41,63,82,96,106,109,113,119,121
392,1144,100,136,157,170,178,184,187,189,196
393,338,36,49,56,60,62,64,67,68,69
394,802,113,169,195,214,224,235,242,247,251
395,233,9,12,13,14,16,19,19,20,20
396,505,27,41,51,53,60,64,66,69,71
397,442,34,45,50,53,53,54,58,59,61
398,530,27,38,41,43,49,50,53,54,57
400,510,42,69,82,89,90,92,93,97,98
401,948,21,35,42,50,57,60,60,65,66
402,935,92,115,148,167,177,186,190,198,203
404,1006,76,106,128,144,156,164,174,179,182
405,310,27,33,36,38,43,45,46,46,47
406,152,5,11,13,14,15,14,14,14,15
407,348,24,42,48,53,56,57,58,63,65
408,1312,91,123,146,159,168,176,183,190,192
409,415,35,50,53,59,60,62,66,66,67
410,843,77,105,127,135,149,155,163,165,171
411,281,11,18,21,23,25,25,26,27,28
412,228,10,16,18,22,24,28,31,31,33
413,245,12,16,20,22,25,24,24,25,26
414,235,11,19,27,30,33,33,34,34,36
415,552,41,50,58,62,64,64,68,70,73
417,604,54,79,90,92,95,102,103,107,107
418,506,19,25,32,37,41,42,44,44,44
419,394,21,26,30,33,35,37,40,42,45
420,96,10,15,14,15,17,18,19,22,22
421,143,7,12,16,17,17,20,20,20,21
422,81,2,6,6,6,7,7,8,8,9
423,421,24,39,42,46,50,51,55,55,55
424,408,29,51,58,65,70,70,76,78,79
425,158,19,23,25,26,28,28,27,26,26
426,143,17,24,25,28,28,29,30,31,30
427,63,5,5,5,6,5,5,5,5,5
428,73,8,8,9,10,9,10,10,10,9
429,88,9,14,15,15,15,17,17,19,18
430,508,38,43,49,58,64,67,71,74,80
431,63,1,2,2,3,4,5,5,5,6
432,55,3,3,4,5,5,7,9,9,8
434,56,8,8,9,9,10,11,11,11,12
435,188,8,10,13,14,16,18,21,21,21
438,135,10,14,16,16,16,17,17,17,17
439,182,27,35,37,39,40,41,43,43,44
440,92,7,8,9,9,9,9,11,12,12
441,84,6,8,9,9,9,9,9,9,10
442,64,10,16,18,19,19,21,21,22,21
445,188,26,29,31,32,33,35,35,35,36
446,100,2,4,6,6,6,6,6,6,6
447,628,40,62,80,88,97,98,100,107,108
448,103,5,6,8,8,8,8,10,11,13
450,181,26,29,33,34,34,36,35,35,34
451,75,2,4,4,4,4,4,4,5,5
452,149,13,18,24,25,24,24,28,31,31
454,293,27,31,35,37,39,42,47,50,51
457,59,2,3,3,3,3,4,5,5,5
458,57,5,5,5,4,4,4,4,5,5
459,123,9,13,14,15,15,16,16,16,16
460,115,12,13,13,16,18,19,18,17,18
463,177,11,14,19,20,20,23,23,23,23
464,215,5,9,9,12,15,17,20,20,20
465,266,7,10,13,14,16,16,17,18,18
466,377,24,34,42,44,44,45,45,46,46
467,528,37,57,74,83,88,92,96,97,100
468,501,49,79,97,105,116,120,122,128,131
469,342,32,37,39,44,49,49,49,49,52
470,481,59,76,90,98,106,110,114,117,121
471,122,9,13,15,18,18,17,18,17,16
472,343,42,59,70,75,77,83,85,84,85
473,401,27,36,47,58,59,61,63,62,65
474,229,21,34,43,46,49,52,52,53,55
475,417,37,53,58,67,73,75,76,77,79
476,368,12,20,29,32,37,40,42,42,44
477,810,43,76,88,98,102,106,114,117,122
478,428,9,9,10,10,10,10,10,10,10
481,439,0,1,1,1,1,2,2,2,2
487,486,1,1,1,1,1,1,1,1,1
489,331,0,2,2,2,2,2,2,2,2
490,582,0,1,1,1,1,1,1,1,1
491,421,1,1,1,1,1,1,1,1,1
493,712,1,1,1,1,1,1,1,1,1
496,281,1,1,1,1,1,1,1,1,1
498,337,1,1,1,1,1,1,1,1,1
503,434,45,60,68,75,76,84,90,96,98
504,475,34,54,70,79,83,85,88,93,94
505,626,53,88,103,110,116,127,133,138,143
506,454,32,47,57,65,68,71,76,78,82
507,565,42,61,71,81,90,93,99,105,109
508,572,53,78,94,103,112,120,123,133,133
509,661,61,90,104,109,117,122,124,127,133
510,713,67,91,103,116,124,133,136,145,151
511,538,50,76,87,96,105,112,120,123,125
512,641,74,109,130,141,145,152,155,156,157
513,623,44,80,99,105,109,113,113,117,121
514,550,43,73,86,96,104,108,114,118,123
515,550,68,98,108,116,125,132,142,144,147
516,580,66,104,117,125,130,134,142,144,146
517,595,76,110,123,131,143,152,154,162,167
518,506,64,93,103,110,114,117,122,125,128
519,633,55,90,102,119,128,134,137,141,146
520,597,49,76,92,101,109,114,118,121,124
521,629,55,85,108,118,128,133,145,155,158
522,545,60,83,102,116,129,141,149,152,158
523,748,74,104,120,128,139,152,160,164,169
524,679,42,77,84,92,97,104,108,112,116
525,537,46,71,81,95,98,101,103,107,112
526,607,35,56,67,72,80,83,87,90,92
527,590,38,65,78,84,89,93,98,101,105
528,645,46,76,87,102,107,109,114,119,124
529,553,56,98,111,123,131,135,138,137,138
530,539,21,35,46,56,64,69,72,74,76
531,515,24,42,54,61,65,68,69,71,75
532,455,37,54,63,68,73,76,78,80,82
533,567,33,64,77,91,98,107,111,113,116
534,580,34,57,76,83,91,100,105,111,112
535,503,38,61,73,83,90,92,93,97,100
536,598,27,50,63,70,80,85,91,95,98
537,778,62,95,107,127,138,142,145,153,161
538,554,30,55,65,73,80,87,93,96,100
539,626,38,62,78,88,89,95,99,102,103
540,449,44,56,70,79,85,86,92,95,99
541,549,22,33,41,48,52,57,61,64,67
542,458,17,27,34,41,43,45,51,52,56
543,499,35,54,63,65,70,72,72,74,75
544,485,33,49,62,70,80,84,90,91,94
545,629,43,71,84,99,105,113,118,121,125
546,420,33,45,61,66,74,78,86,88,89
547,567,42,66,79,85,93,99,105,109,113
548,512,35,49,61,68,71,75,79,80,81
549,494,38,53,69,77,80,85,90,92,91
550,523,49,76,87,92,98,101,105,115,115
551,605,49,80,101,112,120,125,131,137,142
552,594,29,46,57,68,76,81,82,89,93
553,617,41,62,82,93,99,106,111,118,120
554,605,19,39,49,57,65,68,70,74,78
555,519,24,41,50,52,55,59,61,64,66
556,722,62,96,118,127,133,140,147,155,162
557,676,35,61,70,79,85,91,92,96,97
558,586,45,62,74,80,84,87,90,95,98
559,603,54,81,97,103,107,115,118,122,125
560,572,27,40,46,52,58,62,67,74,80
561,473,28,40,52,61,68,72,75,79,83
562,651,49,74,86,98,106,110,121,123,129
563,576,43,65,77,83,87,97,104,105,107
564,457,18,29,31,36,40,45,47,50,52
565,575,28,50,61,68,74,79,83,93,98
566,496,27,41,52,59,64,68,71,72,72
567,603,47,94,112,119,125,132,137,139,144
568,458,29,50,59,68,72,80,86,90,91
569,525,34,55,68,77,78,79,82,85,89
570,449,24,39,45,45,47,53,54,59,63
571,549,56,77,94,104,109,115,125,132,137
572,568,48,70,83,89,95,100,105,107,109
573,508,42,60,67,78,87,90,96,103,106
574,483,49,68,78,90,94,103,106,106,110
575,531,67,94,107,121,126,131,133,137,139
576,567,71,100,115,124,129,138,143,148,153
577,555,69,103,113,123,132,142,147,158,162
578,541,59,85,100,112,121,135,141,151,154
579,413,36,60,66,70,76,80,81,85,89
580,493,59,86,100,107,116,126,136,140,145
581,537,60,86,111,122,136,142,147,154,161
582,443,50,70,87,93,101,107,109,111,116
583,519,51,81,97,106,113,117,122,129,135
584,548,71,109,124,134,139,147,149,157,160
585,600,67,102,118,137,148,153,161,169,180
586,532,53,76,92,99,106,115,118,126,127
587,537,78,111,128,143,153,163,167,172,176
588,565,78,128,145,156,162,168,173,179,180
589,627,72,100,126,142,152,162,176,182,191
590,500,52,85,99,115,126,133,146,149,154
591,633,57,81,100,112,125,135,147,155,160
592,523,57,78,89,103,116,124,133,139,147
593,591,62,104,123,130,139,146,152,156,163
594,548,53,77,93,106,115,121,124,131,139
595,546,60,88,102,114,121,128,134,134,138
596,606,65,97,112,127,136,144,154,161,168
597,623,55,82,106,120,135,144,151,158,163
598,660,75,116,141,150,159,170,174,178,182
599,511,47,75,88,102,114,122,129,141,148
600,599,58,98,118,130,142,152,157,165,171
601,534,62,94,112,125,132,135,141,147,150
602,549,73,100,123,132,143,149,157,166,168
603,558,52,87,100,111,123,128,135,139,144
604,592,61,88,109,129,142,147,154,160,169
605,552,48,71,88,95,105,112,125,126,132
606,529,45,77,95,102,108,115,118,124,128
607,525,49,78,104,116,125,135,145,149,155
608,562,56,76,92,104,119,130,137,140,145
609,687,61,90,116,131,149,157,165,175,177
610,550,64,88,107,116,123,128,134,139,141
611,532,54,70,82,91,101,110,115,116,124
612,511,48,75,90,99,110,116,124,132,138
613,670,58,87,109,125,135,148,156,162,170
614,586,60,89,107,122,129,138,143,150,158
615,539,51,76,107,117,134,144,150,155,160
616,634,57,97,124,144,159,168,179,187,189
617,592,44,79,98,110,120,137,143,150,160
618,595,56,90,107,119,129,136,143,148,150
619,602,57,82,103,120,133,144,154,165,174
620,548,43,64,82,99,106,113,121,125,131
621,566,56,91,110,121,129,137,145,148,152
622,567,56,84,103,113,126,134,141,147,151
623,546,35,53,75,90,97,107,114,119,128
624,586,66,92,106,115,122,126,134,142,148
625,539,47,73,95,107,117,125,131,137,143
626,471,53,82,95,115,122,126,131,138,146
627,581,57,81,101,118,128,137,149,153,157
628,528,32,56,67,82,86,91,96,102,103
629,549,48,68,85,99,113,121,127,131,140
630,457,38,62,77,87,96,98,105,108,116
631,567,60,95,110,123,135,147,158,166,170
632,512,47,77,89,106,123,132,141,145,151
633,494,44,76,94,105,120,136,145,152,155
634,508,42,64,76,87,96,101,115,118,125
635,512,64,101,124,147,158,170,186,194,202
636,463,47,69,78,90,97,101,104,107,113
637,474,22,45,51,60,63,68,68,73,77
638,457,39,53,70,76,81,82,83,83,86
639,591,60,88,101,113,118,126,131,136,138
640,545,39,66,75,82,88,92,99,100,105
641,617,46,75,94,101,111,118,122,124,128
642,565,45,63,77,84,92,98,102,104,109
643,552,42,63,80,87,97,105,112,117,121
644,421,40,61,63,67,75,79,86,92,95
645,573,60,83,96,106,116,126,128,133,139
646,453,50,66,78,80,86,89,97,100,105
647,604,64,92,105,112,119,126,132,133,137
648,510,43,65,79,90,102,107,112,117,121
649,456,28,47,58,66,71,74,77,79,82
650,512,28,37,45,52,55,59,63,65,66
651,375,30,44,52,58,64,69,77,84,86
652,447,35,64,73,80,87,91,97,98,100
653,529,39,56,72,81,92,98,104,110,117
654,603,45,71,77,83,91,95,99,102,108
655,330,25,45,54,58,62,67,70,75,78
656,356,27,41,45,52,58,65,70,74,78
657,523,27,49,63,67,72,74,80,85,90
658,459,28,52,69,77,86,93,98,101,107
659,461,33,56,63,67,79,86,88,90,93
660,427,32,47,53,65,71,75,78,77,79
661,442,19,24,37,44,51,56,61,63,66
662,467,20,36,46,53,55,64,70,71,73
663,485,25,39,47,54,55,56,61,62,67
664,337,27,40,49,53,62,64,66,68,73
665,416,30,44,48,51,55,58,62,63,68
666,341,20,32,36,40,48,51,52,53,54
667,460,29,49,54,61,71,73,80,82,90
668,305,18,22,28,34,40,43,44,44,49
669,575,19,34,44,53,59,67,74,79,83
670,436,11,19,22,30,37,37,38,42,43
671,595,27,39,45,49,57,65,67,72,79
672,247,14,22,30,33,34,36,38,40,41
673,429,37,48,55,61,62,69,71,74,77
674,326,26,33,36,38,40,42,46,48,51
675,263,16,25,30,33,36,38,40,41,43
676,380,16,26,33,42,50,55,61,64,64
677,384,30,47,55,61,65,68,72,73,75
678,315,16,24,31,36,39,40,42,44,46
679,276,16,31,37,40,41,42,44,48,49
680,351,19,32,39,44,46,51,51,51,54
681,237,12,16,18,20,24,24,26,30,30
682,316,18,26,32,34,34,35,39,39,42
683,487,37,51,63,73,80,84,90,90,92
684,349,42,61,73,83,86,90,97,102,103
685,355,17,25,35,43,52,58,61,63,66
686,373,21,35,44,51,57,61,65,69,72
687,454,26,49,56,63,71,73,79,83,89
688,387,17,27,31,35,41,46,48,49,53
689,546,31,56,63,81,91,93,99,106,108
690,375,21,33,42,47,50,52,52,52,54
691,474,31,45,53,61,64,76,78,79,81
692,343,21,31,34,44,49,49,51,59,62
693,562,47,66,74,81,88,96,99,106,111
694,417,17,31,39,42,45,47,50,51,54
695,334,26,33,38,42,45,48,50,51,52
696,308,21,33,40,46,50,52,53,55,57
697,410,33,45,57,60,61,65,70,72,74
698,368,25,33,38,43,47,49,53,57,59
699,344,18,27,30,38,39,41,46,49,52
700,407,30,39,51,55,57,62,67,68,70
701,375,32,46,55,62,65,68,68,69,71
702,319,18,29,34,39,43,45,47,51,53
703,451,21,33,45,57,60,62,66,71,76
704,368,30,44,53,54,55,59,62,64,65
705,501,80,97,110,123,129,138,142,146,151
706,526,80,116,130,146,159,164,172,178,185
707,630,92,121,137,149,158,166,171,176,184
708,529,67,88,105,111,116,124,130,135,138
709,512,69,98,115,129,138,145,155,156,160
710,450,62,84,97,116,124,129,135,138,141
711,438,74,106,122,136,144,149,153,158,167
712,334,34,46,57,63,69,75,81,86,88
713,419,64,85,96,106,115,121,126,129,134
714,357,63,89,109,125,133,138,140,145,154
715,456,57,86,105,115,125,132,136,140,145
716,347,57,83,91,104,112,117,123,129,130
717,411,46,69,80,85,93,101,105,108,110
718,418,61,81,96,100,106,112,119,123,125
719,524,54,82,101,111,120,123,128,133,139
720,333,32,40,49,58,65,69,77,78,79
721,381,38,54,62,74,84,91,95,100,103
722,352,49,65,77,83,91,94,100,103,106
723,345,44,54,62,69,77,80,88,91,93
724,408,35,50,63,71,78,84,88,95,99
725,305,28,43,51,58,61,62,63,66,68
726,296,35,50,59,68,76,78,80,83,83
727,398,46,73,83,93,100,109,112,113,119
728,283,28,37,43,48,50,53,58,61,65
729,382,33,50,62,70,74,80,87,90,93
730,342,41,58,64,69,76,80,83,90,93
731,417,43,61,76,85,89,92,94,100,101
733,418,36,57,66,73,74,78,83,85,87
734,389,31,51,60,68,77,83,88,92,94
735,382,27,38,51,59,62,65,68,71,75
736,386,41,58,67,75,76,82,90,97,99
737,289,17,25,32,37,38,41,45,48,51
738,579,45,71,82,95,104,112,119,122,126
739,280,19,33,46,48,54,59,60,62,62
740,377,39,52,55,59,65,70,71,77,79
741,312,21,34,42,51,59,70,75,82,84
742,338,29,46,56,58,62,63,67,69,72
743,358,23,33,43,48,51,56,64,67,70
744,435,48,71,84,92,97,99,104,108,112
745,356,18,29,40,46,54,56,62,65,64
746,356,26,34,41,47,49,53,53,55,57
747,292,25,41,50,54,58,64,68,72,74
748,353,22,39,44,48,53,54,61,63,64
749,251,19,35,41,48,52,54,55,57,62
750,339,29,42,46,47,50,51,52,55,57
751,329,26,35,44,50,51,60,62,66,73
752,323,21,26,34,34,39,43,48,51,55
753,374,37,55,61,64,71,77,79,82,82
754,395,27,40,46,50,58,61,63,64,68
755,236,19,27,29,30,31,33,33,36,39
756,387,30,42,47,50,53,61,70,80,84
757,264,27,39,47,54,59,64,70,72,74
758,228,13,17,20,22,24,28,31,35,38
759,215,12,16,20,19,23,25,29,32,32
760,304,15,26,32,36,39,42,46,48,52
761,256,17,29,36,41,43,44,46,50,51
762,271,18,34,39,40,44,46,48,50,51
763,341,26,35,45,50,54,59,61,62,65
764,413,32,46,59,68,70,75,83,89,93
765,313,20,32,35,38,43,45,47,50,54
766,323,27,39,48,54,60,66,69,70,75
767,285,19,39,44,54,56,57,61,64,66
768,251,8,16,24,26,31,35,40,41,41
769,208,16,21,23,30,32,36,39,42,45
770,495,27,34,46,55,59,60,61,65,68
771,490,30,46,59,67,71,76,76,77,82
772,499,26,43,52,57,65,69,76,80,83
773,482,24,38,49,55,62,68,74,76,75
774,646,20,49,64,77,85,86,90,97,99
775,472,17,35,46,50,56,58,61,65,66
776,606,25,40,49,55,59,64,69,73,75
777,572,25,36,44,57,62,62,66,70,75
778,702,38,54,71,85,91,102,106,109,115
779,546,46,74,93,104,111,117,124,125,128
780,793,45,69,81,92,98,106,117,122,123
781,598,29,41,56,63,70,73,77,78,80
782,516,28,48,61,63,66,73,76,79,82
783,521,30,46,55,66,71,75,76,80,85
784,605,37,59,77,92,97,107,110,116,117
785,578,37,62,72,80,88,92,99,104,113
786,575,55,79,93,105,110,114,118,125,127
787,538,44,70,87,93,99,100,103,105,110
788,623,44,72,92,104,113,118,123,127,134
789,550,38,66,77,90,97,103,110,112,114
790,487,30,50,61,66,74,76,76,81,82
791,578,31,49,60,70,78,86,88,93,94
792,496,37,59,69,77,83,89,93,96,100
793,514,26,47,55,62,66,72,80,80,81
794,501,24,37,48,55,59,62,65,67,72
795,498,15,25,35,36,42,46,50,56,56
796,551,43,83,101,111,116,124,128,138,143
797,607,27,50,70,82,93,101,106,109,110
798,743,46,72,89,109,126,136,144,151,157
799,651,31,56,66,73,85,88,92,95,100
800,632,25,53,65,74,79,83,88,92,97
801,659,24,47,63,77,85,93,99,109,111
802,589,34,55,70,78,90,95,100,106,111
803,718,32,54,74,94,105,108,116,120,125
804,599,27,59,77,87,99,103,105,113,117
805,698,84,126,143,148,159,165,171,171,172
806,695,47,68,89,104,110,117,123,127,130
807,705,43,63,79,90,97,105,109,113,117
808,648,37,60,77,90,95,103,106,111,116
809,619,34,57,67,77,85,92,96,99,108
810,630,34,63,75,85,90,93,96,97,105
811,549,22,34,43,47,53,55,56,60,60
812,507,25,35,43,50,53,58,58,61,65
813,575,22,42,52,61,64,67,72,77,80
814,582,37,59,71,80,90,99,100,102,105
815,601,17,36,49,54,60,62,64,69,72
816,518,30,50,57,65,73,82,84,90,93
817,657,35,50,62,65,74,80,82,89,92
818,646,19,36,50,56,60,61,64,69,74
819,434,13,28,37,39,40,45,47,48,51
820,630,29,43,59,70,81,90,95,101,101
821,685,21,38,45,50,53,57,58,64,69
822,576,22,36,42,48,53,56,59,63,64
823,551,21,35,45,51,59,65,68,73,76
824,543,28,43,53,56,62,66,69,72,73
825,520,20,35,43,49,51,55,58,60,63
826,611,24,41,55,62,71,76,79,84,88
827,651,32,52,60,69,75,77,85,88,90
828,555,36,49,58,61,64,66,71,73,76
829,434,22,26,30,43,51,54,58,63,68
830,632,25,39,47,53,56,61,64,66,67
831,558,22,29,34,40,48,55,56,62,62
832,550,15,30,35,40,44,53,59,62,66
833,540,23,36,48,51,53,56,56,57,58
834,597,8,26,40,50,55,67,72,79,82
835,591,34,52,66,73,77,82,85,88,95
836,657,28,52,68,78,86,92,99,103,104
837,595,23,38,45,50,53,55,60,66,70
838,758,36,59,67,85,94,98,102,111,120
839,560,17,31,37,44,54,54,57,61,64
840,740,27,55,67,72,80,87,95,97,100
841,413,30,44,49,54,59,60,60,62,63
842,703,22,38,52,58,64,65,68,72,72
843,368,17,24,28,32,38,41,44,45,47
844,525,27,53,70,76,85,89,94,97,97
845,312,19,27,33,34,35,36,42,44,45
846,644,27,48,61,68,73,76,79,87,89
847,345,12,21,27,31,36,39,39,42,44
848,555,28,45,53,60,64,68,74,76,77
849,289,17,25,30,31,34,34,34,36,37
850,611,30,48,60,70,81,85,89,90,93
851,437,14,22,30,39,40,43,44,45,46
852,519,29,45,50,58,63,67,67,68,69
853,493,40,57,74,84,91,93,99,104,106
854,647,27,49,60,70,81,87,92,103,106
855,498,17,31,41,51,58,63,69,70,72
856,510,27,44,60,65,69,72,74,74,78
857,289,15,15,20,22,24,24,26,27,28
858,622,43,62,82,94,100,108,112,113,115
859,523,21,35,46,55,63,65,70,75,75
860,421,21,34,43,52,62,65,69,70,73
861,409,17,25,27,34,40,41,41,42,44
862,533,24,48,66,68,70,78,82,86,88
863,277,12,15,19,22,22,23,25,26,26
864,587,23,37,50,58,61,62,68,73,77
865,330,21,25,32,36,39,40,39,39,40
866,439,23,39,49,54,58,62,64,64,67
867,252,16,26,29,31,31,32,32,34,34
868,445,22,38,43,49,56,61,65,70,70
869,335,34,40,44,46,50,52,52,53,55
870,589,20,35,43,49,56,61,64,66,67
871,349,16,28,33,35,41,44,47,48,50
872,420,16,29,40,41,45,50,54,54,58
873,423,10,22,25,29,32,33,33,37,38
874,548,18,30,36,39,46,52,57,60,60
875,276,12,17,22,26,30,30,33,35,36
876,447,23,32,41,51,58,60,61,63,66
877,387,10,21,26,32,37,36,38,40,41
878,572,26,49,63,73,82,88,95,101,103
879,207,9,12,14,15,17,21,21,22,21
880,411,21,33,42,48,49,55,56,58,58
881,363,19,36,42,45,51,50,51,54,57
882,316,11,18,28,31,33,36,36,36,37
883,411,27,39,49,53,56,59,61,67,68
884,612,41,62,80,84,90,99,102,106,109
885,425,16,29,40,50,55,61,65,70,74
886,631,39,68,77,87,97,102,109,116,117
887,397,19,37,46,50,53,59,62,63,64
888,587,38,53,67,74,81,83,90,93,96
889,385,24,39,44,50,55,62,64,67,69
890,477,26,38,49,55,63,64,68,70,70
891,209,6,9,14,14,15,15,16,17,17
892,433,10,19,30,32,34,40,43,46,47
893,402,13,25,33,40,44,48,49,50,53
894,622,29,44,57,69,74,83,87,94,96
895,365,11,20,29,35,38,43,44,47,49
896,493,23,37,48,53,61,65,66,68,70
897,319,16,29,36,40,44,47,49,50,49
898,453,16,28,39,44,48,54,56,62,67
899,333,14,21,24,24,24,26,28,30,31
900,667,44,73,91,107,124,133,147,151,163
901,345,16,31,41,43,45,47,50,51,55
902,433,21,36,40,49,52,55,59,59,59
903,340,20,30,38,42,47,48,49,51,51
904,587,35,52,68,75,87,93,101,104,105
905,367,24,39,42,46,49,49,53,55,56
906,497,32,52,64,75,77,81,85,87,88
907,488,34,42,46,48,50,54,57,57,60
908,605,36,48,62,69,71,77,83,85,90
909,507,26,41,52,58,63,64,67,74,76
910,591,44,69,81,88,99,99,104,108,110
911,665,51,87,103,112,118,121,126,131,134
912,714,62,90,106,117,127,132,140,141,144
913,574,52,74,84,89,94,96,98,101,104
914,605,38,65,78,83,86,91,95,102,107
915,413,30,44,47,52,54,60,61,62,64
916,614,37,55,69,77,85,90,98,103,105
917,399,25,34,44,49,55,58,60,61,64
918,505,24,38,49,51,56,59,62,62,62
919,521,35,51,57,67,71,78,80,83,87
920,397,31,44,47,53,56,60,61,61,63
921,466,26,36,40,47,50,53,56,56,59
922,574,28,46,56,64,67,70,72,75,78
923,621,41,63,74,79,82,88,91,98,98
924,470,19,34,40,49,51,57,61,67,69
925,432,28,45,52,63,67,70,74,74,74
926,482,26,48,53,61,67,72,74,76,78
927,485,31,51,61,70,77,79,82,87,89
928,517,38,56,70,80,84,89,90,90,92
929,379,17,29,32,37,39,43,45,48,50
930,556,26,42,50,58,59,61,63,66,69
931,547,11,21,33,34,36,40,43,43,45
932,434,30,41,49,55,58,65,68,72,74
933,477,20,38,46,55,59,60,62,67,68
934,579,27,40,51,61,66,69,73,76,78
935,704,47,69,81,93,98,102,107,115,119
936,444,27,38,44,48,50,54,55,57,59
937,373,23,29,38,42,45,48,49,50,53
938,529,31,48,59,64,65,66,69,70,71
939,424,23,37,45,48,51,52,54,54,55
940,648,29,44,49,57,63,69,76,77,81
941,458,22,36,40,49,53,60,61,64,68
942,575,29,50,55,58,64,68,74,74,78
943,622,44,67,76,86,94,100,104,107,111
944,515,20,31,37,49,52,54,60,62,65
945,545,29,48,61,67,70,73,76,80,82
946,602,19,38,44,49,53,58,61,66,69
947,543,20,34,42,47,52,55,57,60,62
948,622,27,49,59,64,70,77,82,86,88
949,608,31,53,64,74,83,87,89,90,93
950,606,17,30,38,43,49,50,52,55,57
951,641,20,45,53,57,65,67,72,75,78
952,630,21,37,43,45,49,51,55,58,61
953,540,20,36,43,48,53,59,63,66,67
954,516,24,42,51,57,62,64,70,74,75
955,522,23,36,41,51,60,62,65,68,70
956,500,25,35,49,56,61,64,66,69,75
957,457,23,33,42,49,54,56,57,57,62
958,553,23,38,47,55,63,66,68,70,72
959,466,24,35,39,40,46,48,49,50,52
960,520,26,38,44,51,55,56,59,62,64
961,516,30,45,55,59,65,68,69,70,71
962,474,14,26,33,37,41,41,46,47,50
963,565,24,33,38,42,44,50,52,52,56
964,518,25,38,45,46,48,48,50,52,53
965,584,21,32,41,46,53,60,60,62,66
966,487,22,29,32,39,42,43,44,48,52
967,416,24,37,43,44,49,51,52,55,55
968,491,24,35,38,44,48,51,53,55,55
969,534,16,34,48,53,58,61,67,72,76
970,427,17,31,37,39,43,47,49,49,52
971,491,12,24,32,35,36,38,43,46,47
972,518,13,25,39,48,56,61,67,68,76
973,495,18,22,34,42,47,53,59,61,61
974,413,43,73,85,97,109,116,122,124,127
975,370,34,54,58,64,71,82,86,87,88
976,454,57,80,87,97,108,111,117,120,126
977,384,36,49,56,62,68,74,76,79,79
978,477,62,97,114,120,134,142,146,148,153
979,388,28,61,71,76,78,81,85,91,92
980,377,33,51,57,62,68,72,76,77,79
981,322,32,44,52,56,59,64,64,68,73
982,403,50,69,73,84,88,95,99,101,102
983,311,26,40,46,51,55,61,66,67,70
984,422,49,69,78,87,97,100,103,108,112
985,287,19,33,37,48,57,63,65,69,72
986,383,43,61,77,90,96,101,101,109,114
987,265,17,28,34,40,43,48,50,53,56
988,398,40,58,74,86,93,99,104,107,110
989,273,29,45,55,61,64,67,69,72,74
990,435,47,60,74,79,88,96,99,101,104
991,354,24,32,41,54,60,64,66,67,68
992,338,42,64,79,84,92,99,104,108,110
993,275,18,34,40,43,46,48,49,51,54
994,295,36,49,57,61,66,67,68,69,71
995,257,29,49,57,62,67,69,70,69,69
996,385,25,42,51,60,66,69,72,75,78
997,234,26,39,42,47,49,55,58,58,60
998,345,33,53,58,64,69,72,73,74,78
999,296,30,50,60,63,65,67,72,75,76
1000,342,23,40,59,63,72,77,85,86,88
1001,252,25,33,36,37,41,42,43,47,49
1002,432,29,38,50,57,63,64,66,71,74
1003,279,26,37,46,53,56,58,62,64,65
1004,390,18,36,44,51,57,61,70,74,75
1005,309,18,25,33,37,44,48,50,52,52
1006,393,34,61,76,85,90,96,101,106,110
1007,298,31,52,56,58,62,67,69,74,73
1008,409,33,53,67,78,86,91,94,95,102
1009,319,24,39,48,54,57,61,65,68,71
1010,296,27,46,57,69,76,80,86,89,94
1011,228,16,27,37,43,44,45,46,47,51
1012,271,28,50,62,70,79,83,87,87,89
1013,173,10,12,14,17,18,21,24,24,26
1014,376,27,45,72,80,90,93,96,103,108
1015,212,12,18,22,23,24,25,26,28,29
1016,456,38,68,81,97,103,108,115,123,128
1017,295,19,25,34,39,43,47,47,47,50
1018,417,30,44,51,63,71,76,81,85,91
1019,297,29,40,53,57,64,66,67,68,69
1020,355,20,32,46,53,60,65,66,68,72
1021,225,11,23,26,28,36,38,39,41,42
1022,381,26,42,54,60,66,73,77,84,88
1023,160,7,10,16,18,21,21,23,23,24
1024,371,25,38,45,60,63,67,71,71,72
1025,307,29,41,49,49,50,53,55,57,66
1026,373,24,44,58,70,75,80,82,85,88
1027,324,12,26,39,48,53,55,59,62,63
1028,400,26,44,59,74,84,93,99,104,106
1029,300,21,30,42,46,50,52,58,64,68
1030,351,33,51,63,72,82,85,90,96,101
1031,156,11,19,26,29,31,32,33,35,36
1032,316,15,23,28,32,32,39,38,39,45
1033,344,33,51,67,80,85,88,94,95,98
1034,386,32,46,60,72,79,86,90,93,99
1035,289,24,43,53,64,72,78,79,81,83
1036,330,22,42,53,62,67,74,78,84,86
1037,268,23,36,40,48,49,51,52,51,52
1038,431,14,26,33,37,40,44,49,50,52
1039,386,16,26,32,36,41,45,50,53,53
1040,424,24,42,53,60,63,66,71,74,74
1041,398,16,26,38,45,49,57,63,66,71
1042,472,32,54,61,69,74,77,80,87,91
1043,434,31,54,62,71,75,79,83,83,86
1044,401,16,32,38,46,50,51,55,55,55
1045,355,22,31,34,40,46,53,54,54,56
1046,356,21,32,43,54,58,65,72,74,79
1047,329,22,32,34,42,47,50,51,54,55
1048,373,6,21,26,32,35,38,40,41,41
1049,342,20,30,39,43,45,47,50,52,54
1050,354,27,43,48,55,62,70,72,73,76
1051,308,14,19,19,27,31,34,37,40,40
1052,323,21,29,35,40,43,44,47,50,52
1053,366,16,27,35,42,52,58,60,64,66
1054,409,30,47,56,66,75,77,80,84,83
1055,386,19,33,35,42,47,49,51,53,59
1056,302,17,25,32,35,36,37,37,39,40
1057,295,13,21,35,40,41,44,47,50,51
1058,316,12,21,26,29,33,34,37,37,40
1059,305,16,20,24,27,28,28,29,29,30
1060,290,20,25,33,37,41,43,44,45,48
1061,409,37,48,55,62,68,70,71,74,78
1062,286,20,35,38,41,44,48,51,51,51
1063,321,19,31,41,43,44,48,50,51,53
1064,340,23,34,41,45,50,53,53,58,59
1065,337,17,23,26,31,32,34,35,35,36
1066,343,18,25,32,36,40,47,52,53,55
1067,356,17,29,38,42,47,49,52,55,57
1068,382,34,53,61,64,71,72,74,78,79
1069,242,18,24,28,33,35,36,38,41,41
1070,317,22,34,40,44,51,53,56,59,59
1071,308,15,20,26,28,29,30,31,32,34
1072,301,3,9,12,14,15,17,18,19,23
1073,330,17,28,31,36,41,47,51,52,54
1074,371,31,46,50,58,64,66,67,72,76
1075,355,10,16,17,19,21,22,22,23,23
1076,366,16,33,39,43,46,47,51,54,64
1077,362,21,29,35,40,41,45,47,48,50
1078,335,20,25,30,38,39,42,44,46,48
1079,278,10,18,23,28,30,32,32,32,37
1080,279,7,10,16,20,21,23,23,24,24
1081,280,16,26,29,34,41,44,48,49,50
1082,294,13,18,22,28,29,32,35,36,37
1083,209,4,9,14,17,19,19,21,23,23
1084,216,7,12,13,13,15,17,19,20,21
1085,277,10,13,15,21,26,28,28,31,31
1086,311,16,23,27,37,41,43,46,47,48
1087,271,10,20,24,26,32,32,34,37,37
1088,262,13,25,32,35,35,38,40,44,47
1089,333,14,25,32,35,37,39,40,41,44
1090,287,15,23,32,37,39,44,45,46,46
1091,236,9,15,18,23,27,30,30,30,30
1092,252,11,19,22,27,30,36,37,39,42
1093,313,18,28,33,36,38,43,46,47,47
1094,395,22,39,46,49,54,57,58,63,65
1095,205,2,9,14,16,20,21,23,24,24
1096,328,10,17,24,27,30,31,34,37,40
1097,238,3,4,8,9,13,16,19,19,19
1098,209,3,6,9,10,11,12,13,13,14
1099,195,5,12,13,15,15,16,16,17,18
1100,294,14,23,31,37,40,43,46,48,50
1101,224,1,4,7,11,13,16,16,17,18
1102,187,8,13,16,20,22,25,26,26,27
1103,121,3,6,7,9,12,12,12,13,14
1104,241,11,15,18,19,20,24,24,25,24
1105,204,15,20,23,24,26,26,30,31,31
1106,637,65,102,120,136,142,147,151,158,162
1107,588,65,90,102,109,115,122,129,130,133
1108,512,62,93,108,114,120,125,131,135,139
1109,484,39,63,76,83,90,98,102,102,108
1110,579,47,76,90,107,110,117,126,129,131
1111,520,57,78,92,102,109,115,116,119,123
1112,614,63,98,117,135,144,148,151,154,160
1113,562,58,81,92,107,108,111,115,118,119
1114,561,65,89,104,119,127,129,133,137,140
1115,534,48,74,80,82,87,90,93,96,102
1116,517,57,85,101,115,124,132,136,141,144
1117,463,62,82,91,97,102,104,112,117,122
1118,531,52,79,91,101,108,111,115,116,117
1119,469,41,63,81,89,92,99,101,104,106
1120,603,59,91,106,115,127,140,147,159,164
1121,592,58,87,100,108,114,117,119,120,124
1122,613,56,77,90,105,108,115,117,122,126
1123,544,36,57,70,76,82,88,93,95,96
1124,427,30,47,55,64,71,76,78,80,84
1125,429,23,42,50,55,57,57,60,65,67
1126,676,38,73,86,92,98,102,104,107,111
1127,579,41,63,74,83,92,91,95,99,102
1128,649,41,67,86,95,100,108,114,120,125
1129,555,45,69,77,80,87,95,99,103,105
1130,534,38,56,63,70,77,85,86,88,90
1131,473,30,54,66,71,75,80,83,84,87
1132,520,28,47,58,68,72,75,80,84,86
1133,303,13,23,26,30,34,35,37,41,42
1134,487,38,63,73,86,91,94,100,105,105
1135,491,42,68,77,80,85,91,91,91,94
1136,260,17,27,35,43,46,47,49,48,52
1137,525,30,53,64,71,77,85,88,93,98
1138,655,42,67,77,84,91,98,101,107,109
1139,502,29,50,64,67,75,81,84,85,89
1140,528,35,58,74,79,83,86,88,95,96
1141,520,29,59,71,79,87,90,97,100,101
1142,589,38,61,79,90,102,113,118,123,126
1143,496,34,53,63,71,76,79,84,91,93
1144,593,51,71,86,93,96,106,109,114,122
1145,497,38,56,65,70,76,80,83,87,88
1146,550,34,58,67,80,84,90,96,100,104
1147,506,58,90,107,120,125,130,132,133,137
1148,622,41,63,85,91,100,109,112,121,126
1149,481,35,56,68,76,79,82,84,88,92
1150,535,38,54,64,75,77,82,83,84,86
1151,521,41,68,79,90,100,104,109,114,116
1152,517,43,67,77,81,84,89,92,96,98
1153,416,35,51,62,69,73,77,81,84,86
1154,492,23,53,60,71,77,85,91,91,95
1155,395,27,43,50,56,61,64,67,70,73
1156,452,39,61,76,83,85,90,94,98,102
1157,378,32,46,57,66,71,76,83,83,84
1158,454,21,44,60,67,72,73,72,76,78
1159,528,36,60,73,84,89,97,100,104,105
1160,572,38,63,81,89,97,103,109,116,122
1161,482,26,48,63,71,77,81,85,89,90
1162,523,26,44,57,68,75,82,84,88,89
1163,515,41,63,74,89,95,102,106,109,115
1164,473,38,65,75,82,87,91,91,91,92
1165,365,19,38,52,60,61,66,67,71,75
1166,435,30,49,67,76,78,81,88,92,92
1167,232,10,14,21,27,27,30,33,36,37
1168,457,25,40,58,69,76,76,80,87,89
1169,500,29,50,67,73,76,79,81,83,83
1170,452,33,54,62,64,69,70,71,76,79
1171,531,42,55,66,75,81,92,95,99,101
1172,509,26,37,44,50,53,59,60,65,66
1173,437,29,44,51,62,66,67,70,71,71
1174,649,85,115,138,147,161,165,174,175,180
1175,560,62,80,99,109,111,114,116,120,127
1176,545,80,102,113,123,132,137,141,143,144
1177,515,50,67,73,81,86,90,92,97,104
1178,538,58,70,83,87,93,100,102,109,115
1179,541,87,109,125,129,137,147,151,153,156
1180,623,77,110,128,143,149,151,155,157,162
1181,699,88,119,127,136,145,155,164,167,172
1182,642,83,110,132,143,148,157,162,166,171
1183,592,52,78,86,95,100,104,109,111,113
1184,576,63,91,102,107,118,127,131,133,135
1185,631,59,80,93,102,107,111,113,115,118
1186,691,52,85,103,109,119,121,126,130,133
1187,570,48,63,70,79,89,92,97,100,106
1188,556,60,84,100,118,123,128,131,134,136
1189,583,49,65,71,78,82,88,90,95,99
1190,454,76,101,114,121,127,133,137,140,142
1191,486,64,78,91,100,105,113,119,124,127
1192,684,80,109,128,140,150,154,160,162,165
1193,590,71,94,103,117,124,128,132,141,146
1194,543,67,88,101,111,114,119,124,126,130
1195,470,51,80,94,103,110,115,115,116,120
1196,622,105,138,156,163,174,178,182,183,185
1197,508,69,94,105,115,120,121,125,126,131
1198,529,74,106,132,139,147,150,153,156,158
1199,442,43,56,61,70,78,82,87,94,97
1200,514,55,85,96,103,111,122,127,134,138
1201,484,72,90,103,113,117,120,122,122,124
1202,475,40,56,80,85,89,94,94,97,100
1203,487,32,47,61,75,83,85,90,94,96
1204,581,92,130,149,160,167,170,178,182,184
1205,686,84,115,135,143,151,157,163,170,172
1206,661,79,108,124,140,145,146,151,155,160
1207,499,48,69,86,90,95,102,105,109,112
1208,643,71,122,134,152,160,168,174,177,178
1209,600,80,121,130,146,152,155,163,168,171
1210,597,88,134,164,184,196,209,212,225,232
1211,591,95,138,151,156,169,181,189,194,197
1212,586,102,136,157,173,180,184,184,185,191
1213,454,36,50,58,71,73,75,80,80,85
1214,575,57,82,105,109,117,129,137,144,148
1215,441,31,49,64,68,73,76,80,83,86
1216,474,52,65,73,76,81,84,89,94,94
1217,390,43,64,72,79,83,84,88,92,97
1218,581,59,91,104,111,112,113,118,120,122
1219,491,50,80,93,97,102,105,110,113,115
1220,549,60,90,104,110,116,122,126,131,131
1221,471,54,80,92,103,104,109,111,114,117
1222,566,61,78,88,102,103,113,120,125,126
1223,611,85,107,128,143,144,148,152,152,160
1224,695,84,121,141,154,158,164,170,171,172
1225,434,41,61,71,79,83,86,86,86,89
1226,664,69,106,126,140,147,153,161,162,168
1227,506,45,58,72,79,84,89,92,98,102
1228,671,86,125,143,159,166,171,175,180,185
1229,552,62,97,114,125,136,139,143,146,145
1230,630,78,116,139,153,162,169,175,178,182
1231,624,57,81,98,108,113,116,124,129,132
1232,693,77,105,123,137,150,160,167,171,175
1233,522,52,69,86,91,95,103,108,113,113
1234,625,64,92,113,122,126,132,137,142,146
1235,576,61,84,97,108,115,119,124,126,130
1236,705,76,114,130,141,147,153,160,163,170
1237,548,51,79,98,105,111,114,118,121,122
1238,636,73,97,121,135,147,151,159,161,161
1239,626,57,86,110,120,125,131,139,144,147
1240,417,47,68,82,92,95,99,102,104,105
1241,371,54,73,85,90,97,100,102,105,109
1242,480,58,78,88,96,100,105,105,108,113
1243,366,45,68,77,86,88,94,97,100,101
1244,523,68,92,102,110,119,124,128,132,135
1245,504,60,90,105,118,131,137,141,142,144
1246,411,48,68,76,84,93,96,97,100,101
1247,432,56,85,97,109,113,121,125,126,127
1248,470,58,89,107,121,125,126,130,130,131
1249,538,60,85,103,113,119,124,129,136,143
1250,413,39,63,75,80,85,87,89,92,95
1251,507,83,116,132,146,151,156,165,166,166
1252,484,73,102,120,131,140,148,154,159,161
1253,423,48,77,88,95,98,103,107,113,118
1254,359,37,58,69,83,90,93,95,96,99
1255,369,31,52,66,73,80,88,92,94,96
1256,404,62,92,103,108,114,123,126,130,132
1257,327,33,51,63,71,84,88,91,92,93
1258,383,46,76,82,95,100,104,107,109,114
1259,350,41,63,73,83,87,87,90,94,98
1260,414,35,59,69,76,81,83,87,91,94
1261,508,59,79,98,109,116,122,132,132,137
1262,361,33,52,59,63,68,75,83,86,89
1263,392,46,58,67,75,83,86,88,93,96
1264,312,37,57,70,73,79,83,85,86,87
1265,427,67,92,109,120,127,135,142,149,151
1266,340,35,45,51,58,61,63,64,70,74
1267,371,37,54,76,88,98,105,109,110,115
1268,262,35,49,54,58,60,64,69,72,74
1269,386,42,58,68,78,82,88,92,94,98
1270,411,40,57,71,81,87,90,92,97,102
1271,428,57,83,103,109,116,123,127,128,130
1272,334,48,67,76,81,88,92,94,98,103
1273,356,35,49,64,74,79,83,86,91,93
1274,372,42,62,72,80,87,88,92,97,100
1275,369,53,78,90,98,101,106,109,114,114
1276,294,41,51,59,63,68,71,78,82,84
1277,304,26,39,47,52,61,64,67,69,70
1278,267,21,34,46,54,58,63,65,70,74
1279,311,27,42,51,60,66,71,76,80,83
1280,320,31,47,55,58,61,68,70,72,73
1281,379,37,56,71,79,84,90,94,101,104
1282,358,35,62,67,73,78,80,87,88,89
1283,368,29,51,58,69,72,76,79,85,90
1284,271,22,34,46,50,54,59,63,64,65
1285,331,25,39,53,62,69,76,77,78,79
1286,326,36,56,70,78,86,87,90,92,94
1287,280,17,32,39,44,47,52,57,58,59
1288,252,11,21,28,34,41,44,46,47,47
1289,316,19,43,50,54,58,59,63,66,69
1290,290,19,33,38,44,49,54,56,57,58
1291,351,34,59,69,76,86,90,93,97,97
1292,415,45,66,77,87,94,99,107,108,113
1293,457,59,86,102,119,123,125,130,135,141
1294,307,30,45,56,60,63,67,72,75,77
1295,407,40,72,89,97,101,108,110,112,116
1296,347,32,43,53,53,58,64,67,72,74
1297,390,29,45,55,62,64,69,73,79,89
1298,468,36,59,77,83,86,91,94,97,99
1299,434,43,61,71,80,85,91,92,97,97
1300,353,23,38,47,54,56,62,65,66,67
1301,368,28,44,55,65,70,76,76,80,84
1302,362,40,50,56,59,61,64,70,72,73
1303,380,32,42,58,67,75,78,83,87,89
1304,417,34,61,72,80,85,86,86,88,90
1305,394,42,64,74,76,82,93,97,102,104
1306,430,43,73,81,89,97,105,107,111,113
2305,157,16,18,20,22,23,23,23,23,23
2306,179,18,19,19,19,20,20,20,20,20
2307,106,7,10,10,10,10,10,10,10,10
2308,83,4,6,7,9,9,11,11,11,11
2310,161,18,18,21,22,22,23,24,24,25
2311,224,5,6,6,10,11,13,12,13,17
2312,106,5,6,7,7,8,8,8,8,8
2313,92,0,1,2,4,4,4,4,4,5
2314,56,0,0,2,3,6,6,6,7,7
2315,83,2,2,2,2,2,2,2,2,2
2316,56,3,7,7,7,8,8,9,9,9
2319,68,1,1,1,1,1,1,2,2,2
2321,51,4,4,4,5,5,5,5,5,5
2326,956,42,46,46,47,50,50,51,51,53
2327,388,15,18,18,18,19,19,20,20,20
2328,322,5,7,8,9,9,9,9,9,10
2329,469,11,11,11,12,12,13,14,14,14
2330,237,7,8,8,8,8,8,9,9,9
2331,186,3,3,5,5,5,5,5,5,5
2332,290,4,6,8,9,10,11,11,11,11
2333,288,10,11,12,13,13,14,14,14,14
2334,587,5,9,10,10,10,10,10,12,12
2335,520,13,14,15,15,15,15,15,15,16
2336,506,6,7,7,7,7,7,7,7,7
2337,653,9,12,13,13,14,14,14,15,16
2339,357,6,9,13,15,15,15,15,16,16
2347,264,11,13,15,16,16,16,17,17,17
2348,468,7,8,8,9,10,10,11,15,18
2358,131,12,12,12,12,14,14,14,13,13
2360,346,2,2,2,2,2,2,2,2,2
2370,197,2,3,3,3,4,4,4,4,4
2371,87,2,3,3,3,3,3,3,4,5
2381,940,48,64,84,90,99,107,114,125,133
2382,909,91,132,156,172,180,191,200,209,217
2383,832,58,81,97,108,123,139,145,151,155
2384,893,67,94,115,129,140,145,152,156,164
2385,854,74,108,121,133,145,160,165,176,184
2386,1042,77,114,143,165,172,179,188,192,197
2387,950,59,87,105,121,134,142,148,156,162
2388,683,42,63,80,92,103,109,113,116,121
2389,1071,52,79,98,110,117,122,124,128,131
2390,2015,102,152,180,211,228,239,250,268,276
2391,570,32,50,55,64,73,78,82,85,87
2392,930,66,104,127,137,150,160,172,180,187
2393,974,41,57,70,86,98,104,116,117,119
2394,553,54,67,74,82,86,90,93,96,98
2395,1142,51,89,107,122,133,140,149,158,164
2396,908,35,54,67,80,91,99,110,119,123
2397,925,31,68,83,95,104,112,122,130,136
2398,862,44,67,77,85,93,98,112,115,121
2399,734,58,86,108,120,130,145,148,152,157
2400,692,46,65,80,86,95,104,113,117,124
2401,680,76,116,145,166,179,189,196,201,207
2402,1079,79,118,145,163,178,189,200,205,214
2403,950,48,69,85,94,100,105,112,115,119
2404,816,63,86,99,110,119,133,138,142,148
2405,878,52,80,101,112,122,135,144,152,162
2406,801,31,53,59,64,68,74,76,79,80
2407,728,27,43,52,59,63,66,70,72,75
2408,718,35,62,73,74,78,79,84,87,90
2409,914,72,104,121,133,142,154,161,166,169
2410,915,45,65,80,89,99,117,125,131,137
2411,685,29,48,66,71,82,87,92,98,104
2412,678,70,87,95,103,109,115,119,122,126
2413,822,75,104,115,122,132,136,143,150,155
2414,853,45,65,75,88,98,110,118,121,124
2415,944,53,74,84,96,109,113,117,125,127
2416,576,30,41,54,57,62,65,67,68,72
2417,674,24,42,55,62,62,66,67,71,73
2418,566,30,45,51,61,65,68,73,74,77
2419,700,41,59,63,67,71,79,85,90,94
2420,780,44,63,76,81,93,102,110,113,115
2421,776,88,112,130,145,154,160,168,173,178
2422,663,27,38,44,49,56,61,66,70,71
2423,458,17,29,37,42,43,43,44,47,50
2424,643,56,78,90,107,112,118,120,123,128
2425,547,31,50,58,61,70,72,72,75,78
2426,535,50,61,67,70,81,88,93,101,104
2427,801,42,64,74,81,90,91,101,101,102
2428,664,51,67,80,91,96,109,113,119,124
2429,841,58,76,92,101,109,113,120,124,128
2430,1204,47,60,67,72,72,77,79,82,87
2431,841,81,110,130,150,163,172,183,198,202
2432,502,23,30,39,41,43,47,50,55,57
2433,845,72,105,123,132,145,148,159,165,167
2434,865,67,105,121,125,133,141,143,146,146
2435,676,58,82,105,117,124,134,143,147,151
2436,895,64,111,136,149,162,171,182,193,202
2437,1060,85,115,141,158,172,184,198,208,216
2438,886,71,99,116,125,135,143,148,153,156
2439,1176,102,135,153,165,175,182,186,195,198
2440,1001,87,134,164,181,190,201,206,208,218
2441,1099,117,163,208,218,239,252,259,271,285
2442,1126,122,176,220,242,261,280,294,304,315
2443,1541,114,160,187,203,219,233,241,248,259
2444,1289,175,228,268,292,304,316,327,341,347
2445,986,106,147,177,196,212,222,235,246,259
2446,1198,173,232,274,290,310,323,338,346,348
2447,1375,103,178,214,232,249,261,272,279,288
2448,1117,142,191,219,241,264,279,288,301,305
2449,1053,127,162,183,198,213,226,233,238,239
2450,899,110,150,171,182,193,205,216,220,227
2451,965,97,137,160,169,181,193,203,219,228
2452,1321,119,178,201,231,255,269,277,284,292
2453,845,88,132,161,176,178,189,199,207,211
2454,1177,120,180,219,244,259,282,296,305,314
2455,1001,127,180,208,240,258,264,277,289,303
2456,957,113,164,197,216,234,242,248,251,258
2457,976,81,121,145,154,167,178,188,192,201
2458,1259,159,226,270,298,327,347,364,379,386
2459,635,75,107,129,140,149,161,169,177,186
2460,913,130,167,186,201,213,226,236,246,254
2461,887,122,163,186,206,218,228,242,254,264
2462,884,108,153,177,195,206,212,226,235,244
2463,929,72,108,119,140,153,158,165,178,185
2464,989,75,111,133,144,160,171,179,186,190
2465,1259,126,185,220,248,271,285,295,302,308
2466,801,62,85,101,119,129,136,144,148,148
2467,1111,135,190,216,242,263,273,287,296,308
2468,1246,88,125,162,192,213,231,239,250,259
2469,885,64,87,106,115,121,127,132,135,141
2470,1046,112,173,216,244,261,277,286,301,308
2471,1071,95,150,187,208,227,242,252,265,273
2472,1263,140,200,238,263,286,295,309,318,327
2473,1081,107,161,188,204,222,235,239,251,261
2474,1024,127,180,219,242,262,274,287,293,306
2475,902,104,147,161,180,191,198,209,216,225
2476,1031,117,185,223,239,261,274,284,291,303
2477,1093,134,189,225,247,263,270,289,298,307
2478,872,100,133,156,170,182,191,199,206,215
2479,1454,141,214,257,286,310,327,348,358,371
2480,1120,152,218,259,281,297,310,331,345,358
2481,927,97,131,148,166,180,190,197,203,211
2482,1138,134,193,222,241,259,267,275,288,292
2483,992,87,126,151,176,195,208,212,219,228
2484,818,57,91,108,124,134,143,153,163,170
2485,715,71,98,113,123,133,141,151,161,167
2486,960,73,99,109,130,137,143,148,153,156
2487,731,67,103,124,139,149,155,161,170,178
2488,1099,121,177,222,252,275,290,311,319,330
2489,863,72,111,133,147,156,170,174,177,184
2490,1131,74,110,134,156,171,181,187,195,202
2491,1019,78,118,144,159,175,184,193,201,211
2492,932,92,141,169,187,195,207,215,222,228
2493,817,61,85,103,123,131,142,148,157,165
2494,966,63,103,128,146,158,164,169,179,189
2495,700,41,70,86,104,114,129,139,144,147
2496,665,55,96,114,132,139,150,160,164,173
2497,1303,222,279,305,309,321,334,342,345,350
2498,2104,479,592,641,663,682,694,704,710,718
2499,1404,275,369,407,433,448,459,467,473,481
2500,1423,262,352,392,418,438,457,461,471,480
2501,1711,282,351,383,411,431,444,452,461,468
2502,1129,220,275,292,309,320,328,340,349,358
2503,1666,334,424,473,489,508,524,533,547,552
2504,1540,309,394,430,453,468,478,483,492,503
2505,1537,293,374,402,429,446,458,470,478,486
2506,1662,281,342,372,400,418,431,443,449,460
2507,1353,239,297,328,338,353,364,371,380,388
2508,1612,295,403,443,466,479,508,523,535,542
2509,1529,273,353,385,414,424,437,452,464,471
2510,1427,271,347,389,406,416,426,435,442,449
2511,1540,251,315,351,369,386,401,411,423,433
2512,1334,220,298,328,355,367,379,394,401,411
2513,1805,257,345,388,415,435,447,462,468,478
2514,1229,224,287,329,359,372,384,398,414,427
2515,1436,213,270,312,335,362,376,382,388,399
2516,1589,206,274,329,367,394,414,427,449,463
2517,1123,184,254,280,296,315,324,334,341,351
2518,1295,206,273,310,332,357,364,379,396,403
2519,1061,151,215,241,271,287,296,311,316,324
2520,1001,134,173,200,215,227,238,252,260,271
2521,1179,143,196,218,235,258,271,284,292,296
2522,1339,119,174,200,219,240,256,261,269,279
2523,459,29,42,45,52,58,60,62,61,61
2524,1255,130,185,215,239,253,263,274,282,289
2525,933,110,161,187,207,227,236,249,256,263
2526,1336,132,194,230,249,261,284,293,302,313
2527,1216,112,157,183,204,219,237,248,254,259
2528,1220,121,159,185,216,242,250,266,277,291
2529,1287,150,206,246,274,299,314,328,335,343
2530,1372,182,268,306,330,348,367,388,396,407
2531,1283,107,158,200,231,245,262,274,287,296
2532,1118,124,184,211,233,243,250,266,274,279
2533,941,127,179,200,220,237,249,263,273,282
2534,1502,135,193,231,253,273,287,293,305,311
2535,1194,120,155,176,196,218,225,234,237,247
2536,1176,118,182,215,236,247,259,275,281,290
2537,1185,84,147,178,200,214,228,248,257,265
2538,670,62,91,99,107,115,116,122,127,132
2539,1029,111,159,196,221,239,261,282,298,303
2540,1574,136,189,229,257,275,294,307,318,327
2541,1504,152,211,249,277,293,309,329,348,358
2542,1090,132,178,213,232,246,268,276,288,304
2543,1207,87,119,145,159,177,189,196,203,212
2544,1216,136,183,211,232,243,258,276,292,303
2545,927,114,148,178,199,217,237,245,254,261
2546,980,104,153,183,200,211,222,232,242,255
2547,1088,78,118,147,160,175,188,200,207,214
2548,946,120,162,191,212,233,249,257,264,274
2549,1219,106,138,159,182,191,205,213,221,222
2550,1067,70,104,128,142,148,163,169,175,187
2551,903,71,99,123,140,157,173,180,189,197
2552,169,9,16,19,21,25,27,28,29,32
2553,981,77,108,122,139,150,163,170,184,187
2554,1081,105,146,174,195,212,227,234,236,249
2555,1231,123,191,221,235,260,279,293,306,322
2556,1209,125,181,215,239,257,280,299,307,314
2557,1175,114,160,196,216,234,251,262,275,283
2558,1180,131,181,208,245,270,287,302,311,320
2559,1161,154,217,258,279,303,317,334,350,359
2560,1502,129,201,246,285,319,345,367,378,393
2561,1391,165,245,290,336,365,387,412,433,449
2562,960,99,149,178,204,223,234,240,243,248
2563,1331,174,257,302,329,355,383,399,407,418
2564,1436,172,252,299,342,366,383,412,426,441
2565,899,71,100,122,140,147,156,161,168,175
2566,817,49,66,81,91,106,115,120,122,131
2567,1185,93,128,158,170,183,189,195,200,210
2568,869,93,131,172,193,209,228,239,244,254
2569,1218,130,181,211,237,259,267,280,288,298
2570,1513,107,165,203,232,252,277,294,305,323
2571,1181,71,105,127,150,167,178,189,198,206
2572,1254,137,210,245,275,289,304,322,341,356
2573,112,16,20,20,23,23,24,25,26,26
2574,130,8,12,14,19,20,20,23,23,24
2575,150,10,15,18,20,22,24,25,28,29
2576,356,33,52,59,61,63,71,74,75,76
2577,246,20,35,37,39,41,41,41,43,44
2578,326,39,48,58,65,69,72,74,75,76
2579,203,22,27,30,30,31,31,32,32,34
2580,307,24,37,46,47,48,51,53,56,59
2581,355,29,46,49,55,60,61,61,61,60
2582,420,37,49,61,67,70,73,76,77,82
2583,266,20,26,32,36,39,39,39,41,44
2584,394,44,64,71,75,78,86,86,93,98
2585,440,68,84,92,96,103,104,106,108,110
2586,454,66,90,105,114,124,128,131,135,138
2587,539,69,94,108,118,124,128,133,141,144
2588,447,48,63,71,80,84,89,94,94,98
2589,419,46,60,68,72,77,86,88,91,96
2590,446,51,69,84,93,99,101,104,107,111
2591,445,47,63,75,81,87,92,97,98,99
2592,342,35,43,53,61,65,70,74,78,81
2593,597,63,91,106,114,124,131,136,148,152
2594,528,57,91,105,119,128,134,142,147,152
2595,485,46,65,82,92,98,101,103,105,106
2596,342,29,42,48,56,58,61,64,65,65
2597,461,28,47,60,70,74,80,83,85,90
2598,380,38,51,57,62,64,69,73,76,79
2599,420,23,27,33,34,37,40,42,43,47
2600,561,40,54,72,76,80,83,85,91,95
2601,601,43,64,80,87,92,96,98,100,102
2602,730,64,98,113,125,132,145,150,160,166
2603,337,34,42,53,58,60,66,73,77,80
2604,654,58,82,98,110,121,130,139,142,148
2605,635,78,114,124,133,141,149,153,156,160
2606,619,73,88,93,103,109,113,113,116,118
2607,501,26,40,47,53,59,64,69,73,75
2608,607,52,76,91,95,99,103,106,113,115
2609,719,60,91,108,121,129,135,142,146,150
2610,517,42,58,72,76,85,86,92,96,96
2611,665,43,58,66,72,81,87,92,97,103
2612,631,51,75,86,95,101,106,109,110,116
2613,449,42,58,64,76,83,89,92,93,97
2614,606,43,67,78,85,89,95,98,100,100
2615,556,22,33,36,44,45,46,48,51,53
2616,494,31,45,59,69,77,78,81,84,84
2617,616,34,50,62,70,78,83,84,87,89
2618,591,42,52,62,67,73,74,78,82,85
2619,518,34,51,58,67,74,80,85,88,88
2620,526,48,59,66,71,74,80,84,89,91
2621,541,46,55,66,75,78,83,93,99,105
2622,603,55,83,96,107,115,121,124,125,128
2623,594,41,51,64,67,70,75,77,82,85
2624,644,48,70,83,91,102,113,113,117,124
2625,593,32,49,61,64,70,74,76,76,80
2626,627,81,125,134,149,160,167,175,181,183
2627,326,23,29,33,38,41,44,45,46,48
2628,554,32,54,67,74,83,86,89,95,100
2633,91,5,10,13,14,15,16,16,17,18
2638,54,1,2,2,2,2,2,1,1,0
2644,139,13,18,22,28,30,32,33,34,37
2646,90,7,15,15,14,14,15,15,14,15
2648,51,1,4,5,5,6,7,7,7,7
2649,61,5,8,7,7,6,6,6,7,7
2650,148,14,23,30,36,37,37,37,38,38
2651,370,32,48,58,63,68,71,75,80,81
2652,63,5,12,12,13,14,14,13,14,14
2653,151,6,13,17,19,20,21,25,25,25
2655,86,5,10,13,14,14,15,15,14,14
2656,123,11,15,21,23,24,25,25,24,24
2657,149,10,14,19,21,24,26,27,27,27
2658,377,32,45,53,60,64,68,73,76,81
2659,196,21,30,38,40,42,44,45,44,44
2660,138,18,25,28,27,27,28,28,32,34
2662,264,26,34,40,46,48,51,55,58,59
2663,157,14,19,25,29,30,33,36,39,39
2664,223,14,23,32,40,46,49,51,52,53
2665,343,31,46,56,63,68,72,76,75,79
2666,129,6,7,8,8,9,9,12,13,13
2667,173,18,30,32,36,36,38,41,43,47
2668,180,23,31,36,40,42,45,45,46,47
2669,191,7,9,10,14,14,15,16,16,17
2670,213,22,36,38,39,41,41,41,41,43
2671,185,11,13,18,21,24,25,25,25,29
2672,239,13,19,20,24,26,27,27,28,29
2673,100,10,11,15,16,18,18,18,19,21
2674,160,24,32,36,40,42,47,48,49,51
2675,54,4,4,4,4,7,7,8,8,8
2676,128,19,19,20,20,22,22,23,23,23
2677,69,9,11,12,12,11,12,11,11,11
2678,81,6,10,12,11,11,10,10,10,9
2679,90,9,10,13,12,11,11,13,13,13
2680,58,4,6,8,10,11,11,11,11,11
2682,98,15,17,17,17,17,19,20,20,21
2683,153,25,33,35,37,37,37,37,37,38
2684,131,10,11,14,16,17,17,17,22,22
2685,176,35,41,45,47,47,49,50,55,56
2686,87,22,26,28,29,28,29,30,30,31
2687,80,9,11,11,11,11,11,12,13,13
2689,57,4,5,6,6,6,6,6,6,6
2690,91,6,11,13,13,13,15,17,17,17
2691,131,7,9,10,11,12,13,13,14,14
2692,180,3,4,5,5,5,5,5,6,6
2693,103,7,9,11,12,12,12,12,12,13
2694,93,3,8,8,8,9,9,9,9,10
2695,210,11,17,20,23,22,28,29,30,33
2696,110,9,12,12,12,14,15,18,18,19
2697,163,10,11,12,15,16,18,17,18,18
2698,259,24,37,43,45,48,50,50,53,56
2699,181,9,10,11,12,15,15,16,17,18
2700,225,22,28,33,35,37,38,39,39,39
2701,236,16,21,25,27,28,28,30,29,30
2702,80,2,5,4,4,5,6,6,7,7
2704,89,6,8,10,11,11,11,11,12,13
2705,127,11,14,16,17,19,21,21,22,23
2706,89,5,9,11,13,14,14,13,14,16
2707,93,9,15,15,16,16,15,14,14,14
2708,64,5,5,5,6,5,5,5,5,6
2709,51,5,5,6,5,4,4,4,4,4
2710,61,7,8,10,10,10,10,9,10,11
2711,682,25,44,55,57,61,66,67,70,73
2712,810,57,83,99,105,111,115,122,125,133
2713,621,25,39,52,64,66,68,69,70,70
2714,687,27,42,56,62,63,65,70,74,80
2715,552,17,33,47,53,61,62,63,65,67
2716,764,33,52,61,69,79,84,86,90,95
2717,704,25,39,56,73,77,81,83,84,89
2718,680,26,47,58,65,70,79,82,91,95
2719,645,19,33,45,49,53,57,62,65,66
2720,769,24,40,52,60,66,72,77,81,82
2721,764,29,47,68,81,87,91,98,102,105
2722,829,40,55,66,76,80,85,87,89,90
2723,737,31,50,62,71,80,81,83,85,87
2724,724,32,50,61,75,83,88,93,97,99
2725,702,26,41,49,59,64,74,78,81,82
2726,708,17,31,35,39,43,46,47,48,49
2727,579,24,44,52,58,62,65,66,68,69
2728,756,32,46,56,66,73,79,80,84,88
2729,683,32,52,66,79,89,99,104,105,111
2730,747,26,45,53,62,68,70,75,77,80
2731,659,33,51,64,70,82,88,90,90,94
2732,806,41,63,77,85,87,98,108,111,115
2733,784,32,42,58,65,74,80,85,94,98
2734,770,35,57,72,81,86,87,91,96,99
2735,718,30,47,57,64,69,75,78,78,79
2736,911,25,48,60,67,74,78,81,91,95
2737,744,39,64,76,79,87,89,95,103,107
2738,702,39,54,61,66,73,76,81,82,85
2739,792,30,41,47,56,62,68,76,77,86
2740,731,32,47,64,76,85,89,91,96,100
2741,849,29,41,47,60,68,76,77,79,82
2742,731,28,55,69,76,82,89,89,94,96
2743,608,13,26,36,41,45,46,47,48,48
2744,864,24,40,50,58,63,68,71,74,75
2745,727,17,31,38,48,52,59,62,65,68
2746,731,20,36,48,56,61,64,67,72,76
2747,736,31,48,60,65,70,80,85,87,92
2748,686,29,57,68,75,85,95,97,101,103
2749,897,31,57,67,78,86,87,91,93,96
2750,859,38,64,80,93,101,107,110,120,126
2751,824,64,101,116,128,138,148,154,161,165
2752,781,47,71,84,91,99,101,107,115,119
2753,698,32,46,52,63,69,75,78,84,85
2754,748,28,58,80,92,97,105,111,117,121
2755,810,43,66,82,93,101,104,109,114,119
2756,748,22,36,45,51,56,58,65,65,69
2757,779,19,32,50,65,71,75,81,89,96
2758,736,20,33,42,51,58,65,69,75,77
2759,729,24,36,47,54,60,59,61,68,72
2760,783,44,67,84,91,95,98,106,110,112
2761,776,36,51,62,68,78,88,91,97,105
2762,746,26,40,53,62,69,76,81,86,91
2763,788,38,64,77,87,93,96,101,107,110
2764,877,18,39,51,60,71,77,85,90,95
2765,757,29,52,70,82,87,93,94,102,108
2766,860,33,55,69,84,87,93,100,103,106
2767,903,35,56,60,64,69,73,72,76,82
2768,790,48,68,86,93,101,103,112,118,124
2769,737,35,54,61,76,83,90,99,103,104
2770,681,29,49,64,68,75,79,86,88,89
2771,927,47,81,92,104,114,121,124,128,132
2772,748,17,27,35,39,45,51,53,57,59
2773,776,44,68,82,95,100,103,107,112,117
2774,716,31,50,64,70,73,79,88,91,93
2775,786,25,31,41,43,45,46,49,52,56
2776,787,37,59,71,87,95,102,105,109,111
2777,740,42,56,69,76,85,87,87,92,95
2778,748,27,47,60,68,77,80,86,90,95
2779,728,43,68,82,90,95,102,108,111,114
2780,694,37,50,56,65,73,81,84,91,95
2781,737,23,40,50,58,65,71,74,77,81
2782,640,17,27,37,43,47,50,55,57,60
2783,784,14,33,37,41,42,47,53,58,60
2784,664,18,28,33,37,41,44,49,52,53
2785,759,29,44,55,67,72,78,82,87,90
2786,933,218,282,314,339,352,366,379,383,387
2787,1620,498,624,673,707,727,746,761,771,788
2788,1784,441,629,691,743,772,790,806,820,829
2789,1576,426,542,598,639,664,695,712,717,733
2790,1490,439,545,610,645,673,700,712,727,741
2791,1727,391,528,589,626,658,680,698,713,722
2792,1555,386,520,571,609,649,674,696,711,726
2793,1864,319,436,494,537,576,595,619,640,654
2794,1630,467,601,661,705,736,763,781,798,808
2795,990,60,96,112,133,144,157,169,177,181
2796,901,71,105,129,142,153,160,173,182,191
2797,722,42,57,72,82,92,98,100,112,115
2798,700,142,182,201,216,224,233,238,246,254
2799,380,26,34,41,45,48,49,53,53,58
2800,88,6,9,11,12,13,13,13,13,13
2801,547,44,57,69,79,84,87,88,92,96
2802,119,11,13,15,16,17,17,18,18,18
2803,237,25,38,43,50,55,62,68,70,73
2806,141,12,17,23,24,28,28,29,30,30
2808,196,14,17,21,21,22,25,26,26,25
2809,75,4,5,5,5,5,5,5,4,4
2811,373,29,34,34,38,38,39,40,41,40
2815,209,23,29,32,32,33,33,33,36,40
2816,178,11,14,19,19,20,20,20,20,20
2818,51,5,6,9,10,13,14,13,13,12
2821,105,5,11,13,17,18,19,21,22,22
2837,115,7,10,12,15,16,17,18,19,22
2838,64,3,4,4,4,3,3,4,4,4
2843,52,3,3,3,3,3,3,3,2,2
2846,151,10,12,15,18,18,21,22,24,24
2847,66,3,7,7,9,9,9,9,9,9
2849,94,4,5,6,6,7,7,7,7,8
2850,83,4,4,4,5,4,5,5,6,5
2856,88,5,7,8,10,11,11,11,11,11
2858,87,2,3,3,6,6,7,7,7,8
2864,60,3,3,4,3,3,3,3,3,3
2867,105,11,12,12,14,14,14,14,14,13
2868,121,4,5,5,6,6,6,7,7,8
2875,55,3,4,4,4,4,5,5,5,5
2879,224,17,20,22,24,26,26,28,29,29
2880,141,13,21,25,28,31,32,33,34,35
2883,82,18,22,23,23,27,27,28,28,28
2884,92,11,15,15,16,15,14,14,13,13
2886,50,15,19,20,20,20,19,19,20,20
2888,452,127,160,171,177,182,185,186,189,188
2889,453,170,195,205,212,220,222,223,224,223
2890,92,25,30,29,29,28,27,26,26,26
2891,309,32,50,64,69,70,71,74,75,80
2892,209,24,36,41,43,47,49,50,50,51
2893,267,84,92,97,100,99,100,99,98,98
2894,86,39,45,50,49,50,50,50,50,49
2895,108,5,9,9,9,8,8,8,8,8
2897,232,14,20,22,24,24,25,26,26,26
2901,557,54,75,77,82,86,89,89,90,90
2902,55,10,14,13,13,13,13,13,12,12
2905,255,52,60,68,68,69,71,73,73,75
2906,683,100,135,147,157,166,169,175,184,187
2907,648,87,118,134,148,154,161,165,169,176
2908,526,50,77,87,94,97,105,109,113,115
2909,698,97,148,170,178,190,200,209,215,223
2910,616,124,160,173,181,190,196,199,202,207
2911,843,124,151,171,179,184,195,198,200,205
2912,568,66,98,114,129,139,145,157,162,166
2913,858,91,126,150,174,186,197,200,202,209
2914,654,75,110,135,152,164,173,179,185,194
2915,643,60,97,112,126,136,147,150,154,159
2916,538,65,94,120,140,153,166,179,190,194
2917,896,113,166,204,215,230,243,254,258,265
2918,818,89,122,140,156,169,183,192,197,204
2919,633,64,102,118,121,125,128,129,134,136
2920,975,90,131,159,175,185,197,201,208,213
2921,867,96,137,154,173,184,192,199,202,204
2922,895,84,139,171,192,206,217,227,236,247
2923,1093,121,178,203,215,220,230,242,245,252
2924,1065,91,128,143,152,163,169,173,180,183
2925,1071,133,181,208,220,230,237,241,245,249
2926,873,86,111,126,141,144,151,154,162,170
2927,859,64,103,120,140,152,157,164,175,178
2928,1176,101,149,177,206,226,236,259,270,274
2929,906,70,100,116,130,135,141,149,157,161
2930,449,52,64,70,74,79,78,80,81,84
2931,990,91,129,151,159,170,180,184,187,189
2932,1178,89,135,168,191,209,216,228,232,237
2933,1741,176,261,306,329,351,376,391,401,411
2934,1028,74,119,147,161,177,184,192,197,200
2935,565,56,79,96,105,111,121,127,136,141
2936,1230,122,182,212,230,247,258,267,273,277
2937,620,43,62,69,75,77,90,95,98,101
2938,1599,119,176,209,234,251,270,278,292,298
2939,986,85,122,154,166,176,183,188,191,194
2940,861,67,106,136,149,159,169,180,184,189
2941,816,82,110,125,139,148,157,165,172,178
2942,1199,82,108,132,147,171,189,195,197,206
2943,703,52,76,99,108,119,124,126,133,139
2944,948,82,122,142,157,169,176,185,187,193
2945,971,84,127,148,163,172,182,188,191,194
2946,750,63,92,106,116,123,131,135,138,138
2947,960,75,124,139,154,175,184,197,201,209
2948,684,53,76,89,101,109,114,123,127,130
2949,1390,90,144,180,193,217,225,234,238,244
2950,1159,54,80,91,101,108,118,128,136,142
2951,1348,81,121,146,166,178,196,209,226,229
2952,773,65,104,122,132,144,148,155,156,161
2953,1477,115,169,206,230,256,268,283,291,299
2954,590,43,61,70,77,78,81,86,90,95
2955,666,52,73,87,96,107,113,117,121,121
2956,680,32,55,81,89,96,107,115,118,124
2957,589,29,48,61,67,76,80,84,86,88
2958,661,35,45,58,67,71,75,82,85,90
2959,298,13,18,24,28,33,34,34,34,34
2960,466,24,37,49,60,71,73,75,75,78
2961,390,18,27,30,40,43,47,50,49,54
2962,581,22,44,57,63,68,75,82,86,91
2963,617,50,72,79,87,89,94,95,100,104
2964,1004,53,86,105,118,127,137,143,148,154
2965,818,43,64,74,85,99,104,109,112,113
2966,555,34,49,61,72,74,78,80,82,84
2967,657,30,55,69,78,83,88,92,96,97
2968,1121,56,95,123,139,149,154,161,167,174
2970,1215,60,92,109,130,142,151,158,168,180
2971,1266,61,89,107,121,129,143,149,156,172
2972,1025,44,77,98,107,118,124,125,132,134
2973,1405,59,96,118,139,148,157,160,169,173
2975,1320,74,118,142,157,167,177,183,190,197
2976,1186,40,77,96,102,106,111,114,122,129
2977,992,57,83,99,105,116,124,130,134,141
2978,1041,54,89,100,106,115,120,129,136,137
2979,599,34,52,65,72,79,84,87,89,92
2980,838,22,47,58,75,91,96,113,117,126
2981,848,58,83,99,113,122,128,137,141,143
2982,700,28,48,62,69,73,80,83,85,91
2983,963,65,100,125,137,146,155,167,172,178
2984,978,47,72,90,103,109,116,121,126,127
2985,1340,84,121,156,164,176,186,190,201,205
2986,832,43,69,82,92,105,113,116,119,132
2987,1173,35,63,89,101,113,118,127,134,140
2988,809,36,61,75,85,90,93,98,102,109
2989,1226,68,101,120,137,153,163,168,171,172
2991,1234,60,91,113,125,136,148,153,163,169
2992,1019,51,82,100,112,128,137,143,152,155
2993,1046,75,120,138,154,166,172,177,185,192
2994,1145,63,114,138,158,176,195,213,221,226
2995,1339,77,129,155,165,173,184,193,204,212
2996,833,64,79,88,96,105,108,112,113,117
2997,1479,45,72,87,99,110,117,128,132,140
2998,533,18,29,34,42,45,50,52,56,58
2999,557,11,17,23,29,33,38,39,39,40
3000,699,22,35,48,58,67,71,78,81,83
3001,425,13,30,39,43,48,56,59,64,68
3002,452,21,27,31,43,44,44,45,48,49
3003,904,47,72,86,93,99,108,114,120,125
3004,667,27,44,51,58,62,66,70,72,74
3005,814,25,51,67,72,80,81,86,90,94
3006,948,32,50,63,78,90,97,99,102,107
3007,693,39,56,70,83,93,101,103,109,114
3008,1450,78,135,169,187,196,204,216,228,232
3009,772,33,42,55,61,70,75,82,88,89
3010,556,19,35,40,48,50,53,58,62,64
3011,642,34,60,67,72,82,84,92,95,97
3012,558,40,55,64,71,78,88,94,96,98
3013,472,25,39,49,52,54,57,57,60,63
3014,1666,82,123,150,158,166,175,186,197,206
3015,1467,90,138,160,179,204,215,231,239,248
3016,1646,73,116,139,153,173,179,189,200,206
3017,577,29,38,54,62,66,73,76,77,78
3018,1346,53,79,105,127,142,148,153,160,168
3019,1219,62,94,115,131,142,153,160,166,172
3020,571,37,66,78,88,91,93,95,100,101
3021,513,16,22,25,27,27,30,34,36,38
3022,521,22,37,45,55,59,64,69,74,79
3023,531,17,25,30,33,37,40,42,44,46
3024,634,50,70,82,95,100,108,114,121,126
3025,1703,87,133,160,188,200,222,232,240,248
3026,742,44,66,81,88,95,101,106,108,110
3027,1449,71,100,132,149,162,173,179,187,196
3028,564,44,58,68,77,82,87,94,98,98
3029,748,35,60,70,78,95,103,113,115,116
3030,1278,43,83,100,115,121,128,133,139,143
3031,517,24,37,49,53,59,60,64,65,65
3032,1409,77,101,124,140,147,152,162,169,173
3033,1194,63,98,113,127,137,144,148,152,157
3034,1472,171,239,283,315,338,351,364,384,398
3035,1940,224,310,352,380,401,433,459,472,480
3036,1461,159,220,254,274,294,311,326,330,337
3037,643,115,137,155,174,183,187,191,195,199
3038,582,69,92,96,105,109,112,114,116,118
3039,1579,194,251,298,329,356,374,386,403,412
3040,1127,113,162,188,205,228,246,254,259,270
3041,1354,104,160,198,221,237,252,265,280,289
3042,1642,190,262,308,339,366,383,403,417,428
3043,1624,247,330,370,393,408,431,444,456,470
3044,285,34,49,52,58,61,65,70,71,72
3045,1794,218,316,378,402,424,442,452,464,471
3046,862,115,155,180,186,194,202,208,215,221
3047,1408,262,333,369,397,411,426,434,445,449
3048,1515,269,356,401,433,449,460,480,489,500
3049,1317,140,217,253,281,301,312,321,328,335
3050,1335,185,236,282,301,314,324,328,333,342
3051,1682,175,257,301,327,347,367,379,389,403
3052,1361,233,287,320,343,356,368,380,395,406
3053,1187,205,258,289,313,326,343,353,360,365
3054,1284,174,228,257,293,315,334,351,364,377
3055,1222,123,161,185,204,217,228,239,245,251
3056,1087,110,154,176,193,205,219,222,236,245
3057,1311,163,226,267,287,304,320,332,344,352
3058,1272,164,220,249,268,282,298,306,314,320
3059,1352,171,233,263,288,301,320,335,347,356
3060,1560,207,285,336,358,386,399,409,420,429
3061,1916,201,276,326,356,379,402,418,435,453
3062,1595,183,260,301,339,360,376,384,395,413
3063,1344,199,255,287,314,328,339,355,361,368
3064,1405,150,218,253,277,295,308,317,327,339
3065,964,121,159,186,203,220,233,239,250,257
3066,1999,163,247,296,333,359,382,408,420,432
3067,2044,252,362,412,450,480,503,518,536,548
3068,788,94,128,153,174,190,206,212,217,229
3069,825,104,157,189,215,225,232,242,250,257
3070,2131,154,215,263,290,314,342,362,376,389
3071,968,121,178,201,235,248,263,285,288,301
3072,966,93,129,158,179,190,201,210,218,226
3073,900,113,154,188,208,221,239,249,254,259
3074,1593,118,171,202,220,235,241,254,261,268
3075,716,102,136,159,170,181,195,199,208,211
3076,382,28,45,50,50,54,58,59,60,63
3077,691,67,96,110,118,126,129,134,135,135
3078,754,122,162,182,201,212,216,223,231,237
3079,1443,149,223,272,296,327,344,363,380,398
3080,1825,193,282,327,359,383,396,410,420,436
3081,1552,142,220,257,292,311,328,341,348,355
3082,1470,144,207,245,269,283,301,315,326,339
3083,1440,110,168,199,216,233,243,250,256,264
3084,1889,174,268,319,345,368,382,391,405,417
3085,1624,165,239,274,298,317,334,350,367,377
3086,931,91,121,140,155,171,184,189,192,195
3087,1139,95,151,188,213,237,256,274,284,295
3088,1343,113,206,253,270,291,304,315,327,336
3089,1069,85,133,161,183,191,202,211,219,225
3090,1360,113,164,195,218,238,258,266,277,297
3091,1026,79,126,151,162,170,178,182,186,189
3092,1433,113,171,209,216,226,235,248,251,257
3093,1254,88,128,164,180,190,198,206,216,218
3094,1483,89,137,178,202,223,242,255,264,276
3095,1059,68,104,127,142,152,163,168,175,184
3096,976,74,111,121,134,143,152,155,159,164
3097,821,65,97,111,119,127,132,137,139,146
3098,703,34,52,63,68,77,82,86,90,92
3099,1282,77,113,136,164,186,206,223,232,238
3100,985,74,107,124,133,138,142,146,152,157
3101,1084,60,88,110,133,146,159,165,167,172
3102,764,46,76,88,98,103,110,117,120,121
3103,1230,62,108,146,169,180,191,207,214,220
3104,1302,74,111,152,178,191,212,220,232,242
3105,1022,55,81,111,126,138,146,150,154,160
3106,576,31,50,66,76,76,78,81,84,87
3107,1252,76,114,139,159,179,188,201,207,213
3108,940,53,85,103,113,122,132,142,149,157
3109,899,62,86,107,125,128,135,142,148,155
3110,1095,73,111,145,158,174,182,192,198,203
3111,926,54,80,100,110,121,131,142,145,151
3112,1411,88,142,168,190,213,235,252,268,277
3113,901,52,87,106,122,132,138,148,158,161
3114,621,23,43,56,59,69,77,85,88,95
3115,1601,76,135,168,186,202,219,235,252,265
3116,1161,46,81,109,128,150,174,186,197,211
3117,1166,75,118,137,157,168,180,192,202,211
3118,655,37,60,68,80,81,89,92,95,98
3119,1347,84,128,162,184,201,224,240,253,266
3120,847,30,53,65,74,78,82,87,89,90
3121,1106,82,125,155,168,186,196,212,220,231
3122,1402,57,105,131,157,179,194,201,219,227
3123,723,46,67,83,96,101,106,114,120,123
3124,1315,72,106,140,170,184,199,207,221,236
3125,1330,87,113,148,177,198,211,219,230,242
3126,1083,47,83,98,119,134,148,163,172,179
3127,1315,66,102,124,145,163,176,188,200,213
3128,1065,50,90,124,152,168,183,195,204,212
3129,1253,60,106,140,166,181,191,202,214,227
3130,963,47,76,90,103,113,118,123,128,129
3131,1307,71,107,145,162,175,189,206,223,232
3132,830,40,66,79,92,100,103,108,113,119
3133,899,38,65,83,94,102,110,117,123,125
3134,1161,68,107,128,144,165,178,188,204,218
3135,683,44,69,85,94,99,106,112,118,122
3136,757,47,69,87,94,100,105,111,115,122
3137,1102,59,109,138,160,171,185,204,213,223
3138,813,27,53,72,84,91,99,112,115,121
3139,929,66,106,120,134,141,148,153,157,160
3140,968,57,87,105,116,121,127,132,134,137
3141,1413,60,106,132,153,171,185,196,206,213
3142,1453,73,121,143,161,176,190,204,212,227
3143,784,48,65,73,84,94,98,102,106,109
3144,552,22,31,43,50,57,63,69,72,74
3145,494,26,37,41,51,55,55,57,59,61
3146,654,30,43,57,61,69,76,76,80,84
3147,1208,51,84,106,119,131,145,152,168,177
3148,1184,70,112,140,159,182,192,203,222,230
3149,1030,47,68,87,103,111,122,129,131,136
3150,1439,62,101,130,154,170,180,193,207,212
3151,1206,51,92,111,135,144,159,177,191,200
3152,1048,70,100,125,136,146,154,160,164,168
3153,533,33,49,64,76,80,84,89,91,91
3154,710,22,40,44,58,69,74,79,82,87
3155,722,31,57,68,74,81,84,86,92,94
3156,1161,54,82,96,118,129,135,147,152,159
3157,1095,39,70,90,114,138,144,155,160,164
3158,1496,92,153,198,216,237,253,260,270,276
3159,1326,76,126,161,179,188,200,208,216,221
3160,1035,72,109,136,158,169,178,187,199,205
3161,1069,64,109,134,152,162,174,180,184,191
3162,1139,69,116,157,181,199,211,225,239,249
3163,1819,90,172,229,264,286,301,313,326,334
3164,1027,39,77,106,121,131,139,147,158,164
3165,1371,111,174,211,240,259,268,278,284,290
3166,1062,79,125,154,172,187,199,206,218,229
3167,1034,73,124,156,183,195,206,209,216,220
3168,937,53,90,110,136,146,158,166,171,176
3169,1149,92,140,169,191,204,218,223,235,237
3170,1117,59,97,128,150,164,172,186,193,197
3171,1209,96,143,177,205,224,238,252,260,273
3173,844,69,108,133,144,149,152,154,162,164
3174,1757,123,215,263,300,328,347,361,369,385
3175,92,16,23,23,24,27,28,29,29,29
3176,1408,74,152,198,219,241,255,274,286,294
3177,1075,104,159,190,207,223,232,240,242,248
3178,719,52,82,97,113,118,126,129,135,139
3179,1043,59,93,112,124,133,146,150,156,162
3180,1088,50,97,123,149,160,169,175,181,185
3181,1098,45,82,118,144,158,167,181,186,190
3182,433,11,23,33,40,46,49,56,58,61
3183,1010,49,84,101,111,128,137,144,149,152
3184,386,10,23,30,34,38,41,44,47,49
3185,1200,80,126,146,161,175,184,191,200,206
3186,901,45,76,89,101,112,118,120,122,124
3187,1675,86,147,177,211,238,264,285,297,305
3188,721,37,61,75,82,93,103,108,115,117
3189,1062,47,89,109,125,137,138,143,152,160
3190,999,54,88,109,119,129,134,137,141,149
3191,1133,67,99,130,146,162,167,177,183,192
3192,1132,48,74,86,97,110,124,132,136,142
3193,1088,58,93,111,127,135,140,143,146,150
3194,1093,42,72,90,98,110,120,124,130,132
3195,1258,39,64,81,100,112,122,125,132,138
3196,1035,39,65,90,109,117,129,130,134,137
3197,1177,67,105,126,150,162,183,194,199,209
3198,1243,57,101,131,149,172,185,195,205,211
3199,1559,70,120,148,163,178,193,203,208,214
3200,1126,35,62,80,90,101,105,110,112,117
3201,642,39,69,97,101,109,116,124,127,133
3202,1876,89,163,205,240,260,272,286,302,308
3203,1213,57,81,102,116,133,148,160,167,175
3204,1512,67,106,141,161,186,205,211,222,235
3205,1260,62,98,121,135,142,149,159,168,171
3206,1399,74,134,164,193,214,222,231,249,259
3207,316,17,26,30,34,36,39,41,42,44
3208,1022,46,67,84,97,107,113,123,126,133
3209,1105,54,82,108,126,144,159,168,180,186
3210,806,40,72,92,103,107,116,115,116,119
3211,1202,56,92,118,137,148,161,174,182,190
3212,1069,41,72,89,105,117,125,134,139,143
3213,1190,57,93,123,139,156,167,182,194,202
3214,934,47,89,111,123,132,140,148,152,159
3215,726,27,40,50,56,63,66,72,72,77
3216,901,59,95,112,124,141,150,155,162,167
3217,756,26,40,54,64,73,76,80,80,79
3218,1065,58,82,102,116,132,140,145,150,153
3219,813,31,56,71,80,87,94,99,102,108
3220,1606,76,108,137,160,179,187,191,201,206
3221,1632,55,103,128,149,157,166,178,183,197
3222,1044,36,52,78,88,99,106,114,117,123
3223,985,33,66,83,99,108,120,125,127,130
3224,1280,46,83,103,127,149,159,167,178,187
3225,705,100,146,158,175,177,186,190,194,197
3226,780,118,167,179,193,202,211,214,219,222
3227,598,66,90,100,105,117,126,133,136,141
3229,880,102,153,181,198,210,221,229,231,238
3230,694,62,107,126,132,137,145,150,155,157
3231,53,1,1,1,2,2,2,2,2,2
3232,892,69,108,128,140,151,161,165,167,172
3233,849,82,123,149,168,179,191,201,209,218
3234,893,85,133,153,170,186,191,200,207,212
3235,1041,126,184,212,230,248,261,270,275,285
3236,844,96,142,152,167,174,182,190,196,197
3237,791,84,136,165,182,189,196,205,209,209
3238,955,83,146,170,178,185,200,207,216,221
3239,860,100,138,171,178,186,195,209,216,219
3240,757,70,118,136,148,154,162,165,169,175
3241,593,81,117,134,145,157,160,163,172,174
3242,803,83,135,160,169,176,183,189,191,195
3243,742,91,137,164,183,198,206,212,215,217
3244,912,93,147,173,192,206,215,228,231,236
3246,902,92,135,162,191,199,208,215,219,225
3247,1959,218,356,412,436,463,487,502,513,520
3248,1703,153,243,284,310,329,353,364,379,392
3249,2028,199,318,373,405,433,456,469,488,507
3250,1406,137,200,236,251,263,274,280,286,290
3251,1594,159,225,260,286,309,332,341,349,358
3252,1585,137,207,267,296,320,343,362,380,389
3253,1557,136,221,267,293,307,318,333,344,356
3254,1312,153,232,270,294,306,329,338,350,356
3255,1475,148,197,227,253,277,290,304,317,322
3256,1315,121,187,220,243,262,283,295,304,311
3257,1686,147,216,258,288,305,327,335,349,358
3258,1205,94,163,189,207,217,229,242,249,255
3259,1316,111,168,204,220,243,263,276,284,291
3260,1403,86,132,164,182,192,209,219,229,236
3261,1416,119,192,228,253,268,280,305,313,318
3262,1449,181,268,312,344,368,379,386,400,405
3263,1527,150,222,277,309,328,344,358,366,377
3264,1884,194,272,329,360,399,417,444,457,473
3265,1466,146,226,267,292,314,329,339,355,367
3266,1529,139,208,252,277,293,308,319,325,335
3267,1105,145,207,240,257,270,279,290,300,313
3268,1289,140,214,254,279,291,307,317,318,328
3269,1514,162,221,265,292,309,326,342,363,372
3270,1305,134,196,230,253,280,297,314,325,341
3271,2163,184,266,317,357,381,407,428,444,457
3272,1081,68,105,124,133,148,152,155,168,174
3273,1367,113,159,189,215,228,242,259,266,272
3274,1190,107,145,169,181,195,200,206,211,220
3275,1462,111,161,197,220,245,256,266,276,288
3276,1242,110,171,209,229,239,248,256,270,278
3277,1434,130,181,227,249,274,295,305,322,341
3278,1365,113,168,192,204,217,222,232,238,249
3279,1787,134,219,257,289,307,324,333,342,354
3280,1312,120,193,224,243,269,285,300,313,318
3281,1459,130,172,211,237,261,271,281,297,307
3282,1170,109,164,192,210,221,231,238,247,257
3283,1120,96,148,181,202,218,230,237,247,253
3284,1072,81,119,155,174,191,196,206,215,222
3285,1002,109,155,182,202,216,223,227,235,238
3286,1406,137,200,236,251,263,274,280,286,290
3287,1071,88,124,146,163,173,180,189,201,208
3288,1395,136,201,245,279,293,308,324,334,342
3289,985,66,112,137,152,165,178,185,195,198
3290,1289,96,142,170,192,207,215,224,229,233
3291,966,75,116,133,145,160,167,175,182,187
3292,1105,82,148,178,199,212,226,238,243,251
3293,1432,100,160,183,208,218,230,246,254,263
3294,1067,91,139,166,189,198,207,219,220,224
3295,1233,102,162,185,209,223,229,236,244,249
3296,1076,73,115,140,161,176,190,201,211,217
3297,921,76,99,132,148,158,164,171,182,186
3298,1303,115,169,207,230,242,255,261,270,280
3299,1255,107,148,170,183,199,215,222,229,237
3300,905,63,95,107,121,129,138,143,155,162
3301,1036,84,117,145,161,173,185,189,199,203
3302,1107,90,143,168,182,194,201,207,210,213
3303,1023,61,98,114,126,135,147,153,155,160
3304,694,48,66,82,96,101,104,107,111,116
3305,509,21,37,50,57,63,67,72,76,78
3306,815,46,71,93,104,119,132,138,149,163
3307,1326,74,131,150,175,194,201,216,220,228
3308,953,60,91,112,121,130,135,141,143,146
3309,816,32,47,61,73,79,84,87,95,103
3310,1051,66,106,130,153,166,176,182,186,190
3311,830,60,90,99,111,119,127,133,137,140
3312,1216,72,109,132,149,156,165,170,178,187
3313,962,59,99,112,127,137,143,149,156,160
3314,1284,74,118,138,159,166,177,185,203,215
3315,1032,70,105,130,149,162,168,179,193,200
3316,873,45,74,101,115,125,131,137,143,146
3318,1251,72,116,140,161,171,182,189,200,204
3319,1337,56,93,122,135,148,154,164,176,182
3320,1322,80,110,131,152,167,175,181,183,189
3321,1025,46,79,93,108,115,122,128,136,142
3322,942,38,59,78,85,93,102,108,116,124
3324,1182,70,103,125,141,166,182,193,197,202
3325,1246,67,118,155,174,184,197,203,213,218
3326,1515,80,140,173,195,209,232,247,254,266
3327,689,50,70,92,98,109,113,121,124,130
3328,973,49,72,91,104,113,117,125,132,139
3329,1135,56,74,94,104,111,118,123,127,133
3330,1415,67,111,136,159,179,187,196,205,209
3331,1280,60,102,122,138,150,163,175,184,195
3332,1031,50,81,104,115,128,136,145,155,163
3333,1213,46,80,97,112,123,128,137,146,150
3334,555,30,46,52,60,65,70,77,78,80
3335,1257,72,113,128,141,154,165,180,187,191
3336,901,68,80,97,107,115,122,128,134,141
3337,1301,60,102,132,145,163,178,189,195,201
3338,1552,109,155,188,216,235,249,258,267,282
3339,1392,70,106,128,147,160,170,180,185,190
3341,1131,47,68,87,94,100,106,108,117,121
3342,1382,65,93,105,119,134,145,149,154,160
3343,1084,57,83,99,112,126,140,147,156,161
3344,1273,70,101,127,137,151,158,167,175,178
3345,151,3,3,5,7,7,7,7,7,7
3346,1382,59,85,106,119,136,145,154,160,168
3347,1224,48,68,84,94,107,112,114,127,132
3348,1538,59,107,132,149,156,174,192,200,204
3349,1597,82,120,139,160,176,191,203,211,221
3350,1261,71,100,118,129,142,154,166,171,178
3351,474,16,26,34,45,49,52,54,59,65
3352,1488,87,127,156,169,182,192,199,202,207
3353,1042,46,70,81,89,98,103,107,111,118
3354,1174,60,107,135,153,171,186,190,192,198
3355,485,54,84,96,101,107,112,115,117,123
3356,427,58,84,102,108,111,119,124,125,125
3357,373,34,46,53,55,61,62,66,67,71
3358,802,183,232,251,267,277,279,282,288,292
3359,400,46,68,72,78,83,86,86,89,89
3360,302,36,45,50,55,61,64,64,65,65
3361,403,61,79,91,94,98,99,103,107,108
3362,116,20,23,28,29,32,35,35,34,35
3363,848,124,166,189,197,203,210,212,219,224
3364,282,25,43,51,56,61,63,64,68,68
3365,129,9,12,15,18,18,18,18,19,19
3366,237,22,33,40,44,48,50,52,53,53
3367,474,57,89,103,109,110,113,113,114,114
3368,242,16,18,18,19,19,19,19,20,21
3369,415,29,37,47,48,52,54,54,54,55
3370,332,28,49,57,61,64,65,69,71,72
3371,145,14,21,22,26,27,29,30,30,29
3372,205,7,14,15,19,20,22,22,25,27
3374,189,17,32,33,37,39,39,40,41,42
3375,343,38,51,60,63,71,74,74,77,78
3376,339,35,43,50,54,54,56,56,60,62
3377,218,17,20,21,23,24,25,28,29,31
3378,973,107,150,172,185,194,206,213,219,223
3379,747,84,111,124,130,134,135,138,140,142
3380,610,75,88,98,102,104,106,110,113,119
3381,527,40,61,70,78,86,88,91,92,92
3382,447,47,62,66,71,80,81,83,88,89
3383,673,58,80,86,91,97,97,98,103,103
3384,281,17,25,29,31,34,36,37,39,40
3386,229,20,27,30,35,41,42,43,46,46
3387,360,40,50,58,63,63,63,62,62,63
3388,651,68,82,95,111,115,123,122,127,132
3389,390,45,67,75,83,88,90,92,91,94
3391,135,5,8,8,8,8,9,10,10,12
3392,225,15,25,31,33,35,36,37,38,38
3393,515,40,52,60,63,63,68,69,69,72
3394,832,68,96,104,116,121,124,127,132,138
3395,175,15,19,20,23,23,24,25,25,25
3396,138,9,12,12,14,15,15,16,17,17
3397,322,26,34,39,41,42,44,47,51,52
3398,398,25,37,41,43,47,50,55,59,60
3399,559,53,81,95,101,107,110,116,119,123
3400,435,33,51,57,61,64,67,69,71,72
3401,244,24,38,48,50,50,50,51,53,53
3402,154,12,17,19,20,20,21,21,25,25
3403,118,16,18,20,20,21,21,21,20,20
3404,64,7,7,9,12,13,13,13,15,15
3405,80,6,10,11,11,10,10,9,9,9
3406,477,41,55,63,70,74,76,80,84,85
3407,595,55,73,89,98,107,109,112,113,115
3408,323,38,47,53,55,57,59,59,59,59
3409,248,19,25,28,31,32,32,33,34,34
3410,254,19,24,27,29,29,32,34,35,36
3411,662,66,93,111,121,132,141,147,150,149
3412,312,34,43,51,53,55,58,63,63,65
3413,171,12,20,24,25,26,27,28,29,30
3414,523,51,64,70,79,85,88,90,92,92
3415,347,30,39,49,56,63,67,68,70,69
3416,121,6,8,12,12,13,15,15,15,15
3417,85,4,6,8,9,10,11,11,12,12
3418,185,8,13,14,16,17,17,19,19,20
3419,280,31,41,47,48,49,50,51,55,55
3420,65,4,5,5,5,5,5,8,9,8
3421,207,16,24,29,32,32,36,36,37,38
3422,153,15,21,23,25,26,27,29,30,30
3423,80,7,10,11,11,12,14,14,14,14
3424,242,20,36,50,54,63,69,71,75,79
3426,107,7,11,14,16,16,19,19,19,20
3427,230,28,45,58,64,70,73,75,79,79
3428,191,22,31,35,39,43,44,46,48,52
3429,118,8,11,14,17,22,23,23,25,27
3430,232,24,33,38,45,52,53,54,60,65
3431,490,61,91,107,121,130,138,144,152,157
3432,176,9,12,16,18,21,23,23,26,27
3433,159,11,20,25,30,32,34,34,37,37
3434,209,14,30,34,36,38,48,53,56,56
3435,191,9,16,21,24,28,31,31,34,35
3436,189,16,23,33,36,38,41,45,45,46
3437,153,15,23,29,33,37,41,42,43,43
3439,728,45,78,96,110,123,127,135,140,147
3440,309,28,46,56,65,73,78,83,88,90
3441,244,10,17,23,29,33,32,38,41,44
3442,625,50,82,96,108,117,120,123,131,135
3443,226,19,32,38,44,48,52,56,62,64
3444,126,11,16,17,19,24,28,32,33,34
3445,242,30,43,52,54,63,67,73,76,78
3447,85,4,10,13,12,13,17,18,18,18
3448,184,15,23,27,32,37,43,47,53,57
3449,209,19,34,43,49,50,52,53,55,60
3451,242,22,30,39,50,52,60,69,70,76
3452,234,13,21,34,38,43,47,51,53,56
3453,305,23,37,46,55,63,71,75,79,82
3454,86,17,22,32,34,35,35,35,36,36
3455,210,9,13,21,31,34,42,43,44,47
3456,345,30,43,56,63,68,75,82,85,87
3457,263,22,34,40,46,47,50,53,55,58
3458,225,14,21,27,29,33,33,34,38,39
3459,439,50,73,82,98,107,111,123,133,141
3460,378,31,50,65,71,79,85,88,94,100
3461,273,25,36,43,44,47,54,54,56,60
3462,401,33,58,73,81,94,104,109,117,120
3463,232,22,37,48,58,62,65,68,73,74
3464,416,22,42,52,57,66,73,75,79,80
3465,580,45,62,77,87,98,105,118,126,130
3466,511,58,87,106,123,128,142,146,152,154
3467,282,25,38,48,52,58,61,62,68,72
3468,173,24,35,39,41,50,55,57,60,62
3469,333,27,46,68,79,86,92,99,105,107
3470,379,39,61,83,100,115,128,137,144,152
3471,324,31,43,50,58,64,70,73,77,80
3472,197,21,31,38,43,45,50,51,54,54
3473,309,33,48,61,65,72,82,84,87,91
3474,141,13,17,25,31,32,34,35,39,40
3624,1155,28,43,51,56,60,64,66,70,76
3625,352,15,20,22,25,25,25,25,27,29
3626,713,53,67,78,86,92,96,101,105,109
3627,640,44,60,65,70,73,77,79,83,86
3628,671,71,100,113,128,137,146,151,162,166
3629,716,51,72,82,94,105,114,119,122,126
3630,534,46,62,71,77,84,86,87,91,95
3631,809,70,93,108,117,123,130,137,141,141
3632,669,68,97,111,117,126,127,135,138,141
3633,1317,115,160,185,200,208,214,220,235,239
3634,274,12,17,18,21,23,27,27,28,29
3635,1333,111,160,191,206,223,231,238,246,252
3636,729,49,61,74,85,95,102,107,112,120
3637,839,102,129,149,158,164,173,179,189,192
3638,1078,69,103,116,126,136,142,151,158,161
3639,697,65,85,97,110,116,120,123,127,132
3640,1098,111,162,189,202,214,222,232,236,237
3641,1362,67,101,129,143,154,160,166,169,175
3642,1348,111,157,195,213,229,237,243,251,256
3643,892,119,160,177,186,193,205,210,220,221
3644,1132,113,150,177,197,210,219,227,233,238
3645,1166,125,176,200,216,228,233,241,247,252
3646,975,81,124,144,157,172,190,200,205,211
3647,1348,113,157,188,205,221,232,247,252,258
3648,851,76,108,119,134,143,151,158,165,172
3649,1206,110,158,183,196,211,228,236,241,249
3650,1144,103,136,160,177,191,199,207,220,230
3651,960,70,100,122,132,139,147,152,155,160
3652,1307,55,82,100,102,111,115,120,127,131
3653,1059,8,11,13,13,14,15,15,15,17
3654,572,17,22,25,29,31,34,36,36,39
3655,745,21,44,53,56,61,63,66,67,71
3656,461,13,15,17,17,18,18,18,19,19
3657,460,14,18,19,20,20,21,22,22,23
3658,496,11,12,15,17,18,19,19,20,21
3659,920,26,34,39,40,42,45,49,49,49
3660,229,9,18,20,25,26,28,28,30,31
3661,630,55,69,71,75,79,83,84,86,87
3662,798,8,16,18,18,18,22,23,24,24
3663,671,40,50,59,62,66,69,72,77,81
3664,723,11,16,18,18,18,19,20,22,22
3665,378,20,29,34,34,40,43,48,51,53
3666,579,10,15,18,19,21,23,23,25,26
3667,1020,81,111,120,132,134,140,145,149,153
3668,841,26,36,51,60,63,66,76,84,88
3669,484,17,31,36,43,45,49,50,52,55
3670,579,36,51,58,67,72,75,81,85,88
3671,746,13,28,33,34,37,39,40,40,42
3672,889,87,115,131,139,145,158,164,174,188
3673,952,102,148,167,177,186,196,205,212,219
3675,824,21,36,46,52,57,59,61,62,64
3676,1753,122,180,210,228,246,253,262,269,276
3677,1099,96,137,153,159,169,178,182,185,191
3678,939,52,69,77,78,83,88,89,93,101
3679,917,96,133,155,173,181,185,188,190,194
3680,566,25,35,39,42,43,46,49,50,50
3681,583,62,78,90,94,101,108,114,115,118
3682,1107,99,131,147,157,163,172,176,182,187
3683,1392,158,219,252,278,294,311,320,333,338
3684,888,92,128,139,147,160,165,170,174,177
3685,1281,125,175,205,219,233,241,247,251,255
3686,689,51,66,81,90,92,97,100,100,102
3687,1130,95,138,157,171,179,185,191,194,204
3688,1072,94,138,156,162,168,169,174,180,184
3689,1450,87,121,157,174,190,197,207,219,229
3690,786,42,63,71,75,84,92,94,99,100
3691,781,68,86,98,120,128,144,149,151,156
3692,960,95,120,132,144,153,154,156,158,159
3693,937,76,102,112,119,124,131,136,140,144
3694,988,93,121,150,173,180,196,202,208,216
3695,881,79,103,126,135,141,148,152,152,155
3696,446,49,67,82,86,92,102,109,112,118
3697,848,79,110,127,136,137,140,140,143,144
3698,820,89,125,142,151,161,169,178,181,189
3699,821,40,61,68,77,87,93,96,102,106
3701,585,61,86,93,102,107,109,113,118,121
3702,425,27,46,50,56,62,63,63,64,68
3703,713,70,95,117,127,139,147,155,164,172
3706,700,2,6,6,6,7,8,8,9,9
3715,667,33,45,53,58,66,71,72,79,82
3720,467,52,73,84,90,94,99,101,103,106
3757,836,33,52,61,63,68,71,79,82,84
3759,710,16,34,46,54,56,61,67,71,72
3848,212,4,4,4,4,6,7,7,7,8
3850,101,7,7,8,8,8,8,8,8,9
3853,123,5,7,7,8,8,8,9,10,10
3854,102,4,5,6,8,8,9,9,8,9
3855,114,3,9,10,11,11,13,13,13,15
3856,74,7,10,11,12,14,14,14,14,14
3857,73,3,7,6,10,10,10,10,9,9
3858,100,7,8,8,10,10,10,11,14,14
3859,105,2,3,6,6,6,6,6,7,7
3860,91,6,8,8,10,11,11,12,11,10
3862,156,6,6,9,12,13,13,15,16,16
3864,123,4,7,7,7,8,8,8,8,8
3865,75,1,2,2,5,5,5,6,6,8
3866,158,6,10,13,14,15,15,17,17,18
3869,86,2,4,4,4,6,6,7,7,8
3870,154,11,11,12,15,16,15,14,13,13
3872,111,7,8,10,10,11,12,12,12,12
3873,218,12,15,16,20,22,22,26,28,28
3874,145,9,13,14,15,16,18,19,19,19
3875,78,3,4,4,5,4,5,5,5,5
3876,99,2,3,5,6,6,6,6,6,5
3877,229,13,25,29,30,33,34,35,36,36
3880,161,8,10,11,12,13,14,14,15,16
3881,116,4,6,10,10,10,12,14,14,15
3882,178,3,4,5,7,7,8,8,8,8
3892,133,7,8,10,11,13,14,14,14,15
3893,104,7,8,11,12,12,11,12,12,12
3895,214,15,20,23,27,30,30,32,35,36
3896,410,24,31,38,43,43,44,44,46,49
3898,207,17,22,23,23,23,23,24,24,27
3899,510,29,42,48,53,55,57,60,60,62
3900,464,9,17,18,21,22,23,23,23,24
3901,116,4,7,8,9,9,9,9,8,7
3903,64,1,3,3,4,4,4,4,4,4
3905,476,6,7,10,11,11,14,15,15,15
3909,262,18,22,23,25,27,29,31,32,32
3910,363,22,28,31,38,43,48,52,52,53
3911,71,2,5,5,8,8,8,7,6,6
3913,231,18,26,28,32,36,38,39,39,39
3914,278,7,12,14,15,18,20,19,21,21
3915,113,9,10,11,11,12,17,19,20,21
3916,117,3,6,6,6,6,6,6,6,6
3917,292,9,13,14,15,15,15,16,16,16
3919,188,9,10,10,12,14,15,16,16,16
3927,80,7,11,11,12,12,12,12,11,11
3928,67,6,9,10,10,11,12,13,13,16
3929,166,16,18,20,21,21,23,23,23,23
3931,163,11,19,20,23,25,27,29,29,30
3934,290,16,26,32,34,35,35,36,38,40
3935,184,14,20,23,24,25,26,28,29,28
3936,188,11,21,23,24,23,25,26,26,27
3937,180,1,1,2,3,3,5,5,5,5
3938,214,5,11,14,15,17,16,18,18,20
3940,156,9,10,10,11,13,13,13,15,15
3941,109,13,16,17,19,20,21,22,23,24
3942,71,11,13,14,14,13,12,12,13,13
3944,98,7,8,10,10,11,11,11,12,13
3946,97,7,13,14,15,15,16,16,16,17
3950,140,9,15,16,17,17,18,18,19,21
3952,139,21,22,25,28,28,30,34,34,36
3957,125,6,8,8,9,9,9,10,11,13
3958,71,7,9,9,10,10,11,12,11,12
3959,84,5,5,6,6,8,8,9,9,8
3962,151,8,10,12,14,15,18,19,20,22
3963,217,19,26,31,36,39,41,43,44,45
3965,205,14,23,27,33,35,36,37,40,42
3967,237,14,20,22,23,24,27,26,30,30
3970,57,1,1,1,2,5,5,5,5,4
3971,203,10,15,16,17,20,22,23,26,26
3972,203,11,12,15,16,16,18,20,22,22
3973,110,5,11,13,15,19,19,18,18,17
3974,121,5,8,9,10,10,10,10,11,11
3975,158,4,8,11,13,15,15,15,17,18
3977,178,9,12,14,14,16,16,17,20,21
3978,286,41,47,49,53,55,57,59,59,60
3979,920,70,91,106,112,126,132,139,143,150
3980,131,3,4,6,6,7,8,8,9,9
3981,116,7,15,17,17,20,22,22,22,22
3982,132,5,10,11,11,12,13,13,12,13
3983,127,5,8,11,12,13,13,14,16,17
3984,94,5,8,8,9,10,10,11,11,11
3985,108,7,8,9,9,13,15,16,16,16
3988,68,7,11,10,9,10,9,11,10,9
3989,96,3,4,5,5,6,6,6,6,6
3990,156,9,9,10,11,12,11,11,11,11
3992,57,4,5,7,7,6,6,6,5,5
3993,114,7,9,10,12,12,13,13,14,14
3994,89,10,13,16,16,18,19,19,19,20
3995,118,6,10,12,13,13,15,16,17,18
3996,95,5,8,10,12,13,16,19,19,19
3997,82,5,7,9,10,10,11,13,14,15
3998,120,6,7,8,9,10,11,10,10,10
3999,135,9,11,11,13,14,15,16,16,17
4000,135,5,7,8,9,12,13,13,14,16
4001,151,9,17,19,20,22,21,24,26,26
4003,149,6,10,12,13,13,15,17,17,17
4004,157,4,7,10,12,12,12,12,12,12
4005,113,4,8,11,11,13,13,16,16,16
4006,192,7,8,10,11,13,14,15,15,15
4007,104,7,10,10,10,13,13,14,14,15
4008,102,6,7,9,13,14,16,17,16,16
4009,63,5,8,8,8,8,8,8,10,10
4010,115,2,5,5,6,6,7,7,7,6
4013,130,8,10,12,12,13,13,14,17,19
4014,125,1,3,5,6,7,7,7,8,7
4016,81,5,11,15,17,17,17,18,20,20
4017,99,1,2,3,4,6,6,6,7,7
4024,115,5,9,9,9,11,12,13,13,13
4026,65,2,2,2,5,5,5,4,4,4
4030,76,0,1,1,1,1,1,1,1,1
4031,85,4,6,6,6,6,6,6,7,7
4033,140,3,5,6,7,8,8,8,9,9
4034,200,4,5,6,7,9,9,9,11,12
4035,94,2,3,3,3,4,4,4,4,4
4036,82,2,2,2,2,2,3,3,3,3
4038,153,3,3,5,5,5,7,9,9,10
4039,110,0,0,1,1,1,1,1,1,1
4040,128,1,2,2,4,6,7,8,8,8
4041,92,4,6,7,7,9,10,10,11,11
4042,102,2,4,5,6,6,6,8,8,8
4043,95,10,10,13,14,14,16,16,18,19
4044,85,2,2,3,3,3,3,4,5,5
4049,88,5,7,10,12,11,12,13,12,11
4065,135,1,3,6,11,13,15,15,16,15
4066,246,3,4,4,6,7,8,8,8,8
4074,77,0,0,1,1,2,2,2,2,2
4076,144,5,7,9,9,11,11,13,13,14
